pokedex_number,name,attack,defense,height_m,hp,percentage_male,sp_attack,sp_defense,speed,type,weight_kg,generation,is_legendary
1,Bulbasaur,49,49,0.7,45,88.1,65,65,45,grass,6.9,1,0
2,Ivysaur,62,63,1,60,88.1,80,80,60,grass,13,1,0
3,Venusaur,100,123,2,80,88.1,122,120,80,grass,100,1,0
4,Charmander,52,43,0.6,39,88.1,60,50,65,fire,8.5,1,0
5,Charmeleon,64,58,1.1,58,88.1,80,65,80,fire,19,1,0
6,Charizard,104,78,1.7,78,88.1,159,115,100,fire,90.5,1,0
7,Squirtle,48,65,0.5,44,88.1,50,64,43,water,9,1,0
8,Wartortle,63,80,1,59,88.1,65,80,58,water,22.5,1,0
9,Blastoise,103,120,1.6,79,88.1,135,115,78,water,85.5,1,0
10,Caterpie,30,35,0.3,45,50,20,20,45,bug,2.9,1,0
11,Metapod,20,55,0.7,50,50,25,25,30,bug,9.9,1,0
12,Butterfree,45,50,1.1,60,50,90,80,70,bug,32,1,0
13,Weedle,35,30,0.3,40,50,20,20,50,bug,3.2,1,0
14,Kakuna,25,50,0.6,45,50,25,25,35,bug,10,1,0
15,Beedrill,150,40,1,65,50,15,80,145,bug,29.5,1,0
16,Pidgey,45,40,0.3,40,50,35,35,56,normal,1.8,1,0
17,Pidgeotto,60,55,1.1,63,50,50,50,71,normal,30,1,0
18,Pidgeot,80,80,1.5,83,50,135,80,121,normal,39.5,1,0
19,Rattata,56,35,,30,50,25,35,72,normal,,1,0
20,Raticate,71,70,,75,50,40,80,77,normal,,1,0
21,Spearow,60,30,0.3,40,50,31,31,70,normal,2,1,0
22,Fearow,90,65,1.2,65,50,61,61,100,normal,38,1,0
23,Ekans,60,44,2,35,50,40,54,55,poison,6.9,1,0
24,Arbok,95,69,3.5,60,50,65,79,80,poison,65,1,0
25,Pikachu,55,40,0.4,35,50,50,50,90,electric,6,1,0
26,Raichu,85,50,,60,50,95,85,110,electric,,1,0
27,Sandshrew,75,90,,50,50,10,35,40,ground,,1,0
28,Sandslash,100,120,,75,50,25,65,65,ground,,1,0
29,Nidoran♀,47,52,0.4,55,0,40,40,41,poison,7,1,0
30,Nidorina,62,67,0.8,70,0,55,55,56,poison,20,1,0
31,Nidoqueen,92,87,1.3,90,0,75,85,76,poison,60,1,0
32,Nidoran♂,57,40,0.5,46,100,40,40,50,poison,9,1,0
33,Nidorino,72,57,0.9,61,100,55,55,65,poison,19.5,1,0
34,Nidoking,102,77,1.4,81,100,85,75,85,poison,62,1,0
35,Clefairy,45,48,0.6,70,24.6,60,65,35,fairy,7.5,1,0
36,Clefable,70,73,1.3,95,24.6,95,90,60,fairy,40,1,0
37,Vulpix,41,40,,38,24.6,50,65,65,fire,,1,0
38,Ninetales,67,75,,73,24.6,81,100,109,fire,,1,0
39,Jigglypuff,45,20,0.5,115,24.6,45,25,20,normal,5.5,1,0
40,Wigglytuff,70,45,1,140,24.6,85,50,45,normal,12,1,0
41,Zubat,45,35,0.8,40,50,30,40,55,poison,7.5,1,0
42,Golbat,80,70,1.6,75,50,65,75,90,poison,55,1,0
43,Oddish,50,55,0.5,45,50,75,65,30,grass,5.4,1,0
44,Gloom,65,70,0.8,60,50,85,75,40,grass,8.6,1,0
45,Vileplume,80,85,1.2,75,50,110,90,50,grass,18.6,1,0
46,Paras,70,55,0.3,35,50,45,55,25,bug,5.4,1,0
47,Parasect,95,80,1,60,50,60,80,30,bug,29.5,1,0
48,Venonat,55,50,1,60,50,40,55,45,bug,30,1,0
49,Venomoth,65,60,1.5,70,50,90,75,90,bug,12.5,1,0
50,Diglett,55,30,,10,50,35,45,90,ground,,1,0
51,Dugtrio,100,60,,35,50,50,70,110,ground,,1,0
52,Meowth,35,35,,40,50,50,40,90,normal,,1,0
53,Persian,60,60,,65,50,75,65,115,normal,,1,0
54,Psyduck,52,48,0.8,50,50,65,50,55,water,19.6,1,0
55,Golduck,82,78,1.7,80,50,95,80,85,water,76.6,1,0
56,Mankey,80,35,0.5,40,50,35,45,70,fighting,28,1,0
57,Primeape,105,60,1,65,50,60,70,95,fighting,32,1,0
58,Growlithe,70,45,0.7,55,75.4,70,50,60,fire,19,1,0
59,Arcanine,110,80,1.9,90,75.4,100,80,95,fire,155,1,0
60,Poliwag,50,40,0.6,40,50,40,40,90,water,12.4,1,0
61,Poliwhirl,65,65,1,65,50,50,50,90,water,20,1,0
62,Poliwrath,95,95,1.3,90,50,70,90,70,water,54,1,0
63,Abra,20,15,0.9,25,75.4,105,55,90,psychic,19.5,1,0
64,Kadabra,35,30,1.3,40,75.4,120,70,105,psychic,56.5,1,0
65,Alakazam,50,65,1.5,55,75.4,175,105,150,psychic,48,1,0
66,Machop,80,50,0.8,70,75.4,35,35,35,fighting,19.5,1,0
67,Machoke,100,70,1.5,80,75.4,50,60,45,fighting,70.5,1,0
68,Machamp,130,80,1.6,90,75.4,65,85,55,fighting,130,1,0
69,Bellsprout,75,35,0.7,50,50,70,30,40,grass,4,1,0
70,Weepinbell,90,50,1,65,50,85,45,55,grass,6.4,1,0
71,Victreebel,105,65,1.7,80,50,100,70,70,grass,15.5,1,0
72,Tentacool,40,35,0.9,40,50,50,100,70,water,45.5,1,0
73,Tentacruel,70,65,1.6,80,50,80,120,100,water,55,1,0
74,Geodude,80,100,,40,50,30,30,20,rock,,1,0
75,Graveler,95,115,,55,50,45,45,35,rock,,1,0
76,Golem,120,130,,80,50,55,65,45,rock,,1,0
77,Ponyta,85,55,1,50,50,65,65,90,fire,30,1,0
78,Rapidash,100,70,1.7,65,50,80,80,105,fire,95,1,0
79,Slowpoke,65,65,1.2,90,50,40,40,15,water,36,1,0
80,Slowbro,75,180,1.6,95,50,130,80,30,water,78.5,1,0
81,Magnemite,35,70,0.3,25,,95,55,45,electric,6,1,0
82,Magneton,60,95,1,50,,120,70,70,electric,60,1,0
83,Farfetch'd,90,55,0.8,52,50,58,62,60,normal,15,1,0
84,Doduo,85,45,1.4,35,50,35,35,75,normal,39.2,1,0
85,Dodrio,110,70,1.8,60,50,60,60,110,normal,85.2,1,0
86,Seel,45,55,1.1,65,50,45,70,45,water,90,1,0
87,Dewgong,70,80,1.7,90,50,70,95,70,water,120,1,0
88,Grimer,80,50,,80,50,40,50,25,poison,,1,0
89,Muk,105,75,,105,50,65,100,50,poison,,1,0
90,Shellder,65,100,0.3,30,50,45,25,40,water,4,1,0
91,Cloyster,95,180,1.5,50,50,85,45,70,water,132.5,1,0
92,Gastly,35,30,1.3,30,50,100,35,80,ghost,0.1,1,0
93,Haunter,50,45,1.6,45,50,115,55,95,ghost,0.1,1,0
94,Gengar,65,80,1.5,60,50,170,95,130,ghost,40.5,1,0
95,Onix,45,160,8.8,35,50,30,45,70,rock,210,1,0
96,Drowzee,48,45,1,60,50,43,90,42,psychic,32.4,1,0
97,Hypno,73,70,1.6,85,50,73,115,67,psychic,75.6,1,0
98,Krabby,105,90,0.4,30,50,25,25,50,water,6.5,1,0
99,Kingler,130,115,1.3,55,50,50,50,75,water,60,1,0
100,Voltorb,30,50,0.5,40,,55,55,100,electric,10.4,1,0
101,Electrode,50,70,1.2,60,,80,80,150,electric,66.6,1,0
102,Exeggcute,40,80,0.4,60,50,60,45,40,grass,2.5,1,0
103,Exeggutor,105,85,,95,50,125,75,45,grass,,1,0
104,Cubone,50,95,0.4,50,50,40,50,35,ground,6.5,1,0
105,Marowak,80,110,,60,50,50,80,45,ground,,1,0
106,Hitmonlee,120,53,1.5,50,100,35,110,87,fighting,49.8,1,0
107,Hitmonchan,105,79,1.4,50,100,35,110,76,fighting,50.2,1,0
108,Lickitung,55,75,1.2,90,50,60,75,30,normal,65.5,1,0
109,Koffing,65,95,0.6,40,50,60,45,35,poison,1,1,0
110,Weezing,90,120,1.2,65,50,85,70,60,poison,9.5,1,0
111,Rhyhorn,85,95,1,80,50,30,30,25,ground,115,1,0
112,Rhydon,130,120,1.9,105,50,45,45,40,ground,120,1,0
113,Chansey,5,5,1.1,250,0,35,105,50,normal,34.6,1,0
114,Tangela,55,115,1,65,50,100,40,60,grass,35,1,0
115,Kangaskhan,125,100,2.2,105,0,60,100,100,normal,80,1,0
116,Horsea,40,70,0.4,30,50,70,25,60,water,8,1,0
117,Seadra,65,95,1.2,55,50,95,45,85,water,25,1,0
118,Goldeen,67,60,0.6,45,50,35,50,63,water,15,1,0
119,Seaking,92,65,1.3,80,50,65,80,68,water,39,1,0
120,Staryu,45,55,0.8,30,,70,55,85,water,34.5,1,0
121,Starmie,75,85,1.1,60,,100,85,115,water,80,1,0
122,Mr. Mime,45,65,1.3,40,50,100,120,90,psychic,54.5,1,0
123,Scyther,110,80,1.5,70,50,55,80,105,bug,56,1,0
124,Jynx,50,35,1.4,65,0,115,95,95,ice,40.6,1,0
125,Electabuzz,83,57,1.1,65,75.4,95,85,105,electric,30,1,0
126,Magmar,95,57,1.3,65,75.4,100,85,93,fire,44.5,1,0
127,Pinsir,155,120,1.5,65,50,65,90,105,bug,55,1,0
128,Tauros,100,95,1.4,75,100,40,70,110,normal,88.4,1,0
129,Magikarp,10,55,0.9,20,50,15,20,80,water,10,1,0
130,Gyarados,155,109,6.5,95,50,70,130,81,water,235,1,0
131,Lapras,85,80,2.5,130,50,85,95,60,water,220,1,0
132,Ditto,48,48,0.3,48,,48,48,48,normal,4,1,0
133,Eevee,55,50,0.3,55,88.1,45,65,55,normal,6.5,1,0
134,Vaporeon,65,60,1,130,88.1,110,95,65,water,29,1,0
135,Jolteon,65,60,0.8,65,88.1,110,95,130,electric,24.5,1,0
136,Flareon,130,60,0.9,65,88.1,95,110,65,fire,25,1,0
137,Porygon,60,70,0.8,65,,85,75,40,normal,36.5,1,0
138,Omanyte,40,100,0.4,35,88.1,90,55,35,rock,7.5,1,0
139,Omastar,60,125,1,70,88.1,115,70,55,rock,35,1,0
140,Kabuto,80,90,0.5,30,88.1,55,45,55,rock,11.5,1,0
141,Kabutops,115,105,1.3,60,88.1,65,70,80,rock,40.5,1,0
142,Aerodactyl,135,85,1.8,80,88.1,70,95,150,rock,59,1,0
143,Snorlax,110,65,2.1,160,88.1,65,110,30,normal,460,1,0
144,Articuno,85,100,1.7,90,,95,125,85,ice,55.4,1,1
145,Zapdos,90,85,1.6,90,,125,90,100,electric,52.6,1,1
146,Moltres,100,90,2,90,,125,85,90,fire,60,1,1
147,Dratini,64,45,1.8,41,50,50,50,50,dragon,3.3,1,0
148,Dragonair,84,65,4,61,50,70,70,70,dragon,16.5,1,0
149,Dragonite,134,95,2.2,91,50,100,100,80,dragon,210,1,0
150,Mewtwo,150,70,2,106,,194,120,140,psychic,122,1,1
151,Mew,100,100,0.4,100,,100,100,100,psychic,4,1,1
152,Chikorita,49,65,0.9,45,88.1,49,65,45,grass,6.4,2,0
153,Bayleef,62,80,1.2,60,88.1,63,80,60,grass,15.8,2,0
154,Meganium,82,100,1.8,80,88.1,83,100,80,grass,100.5,2,0
155,Cyndaquil,52,43,0.5,39,88.1,60,50,65,fire,7.9,2,0
156,Quilava,64,58,0.9,58,88.1,80,65,80,fire,19,2,0
157,Typhlosion,84,78,1.7,78,88.1,109,85,100,fire,79.5,2,0
158,Totodile,65,64,0.6,50,88.1,44,48,43,water,9.5,2,0
159,Croconaw,80,80,1.1,65,88.1,59,63,58,water,25,2,0
160,Feraligatr,105,100,2.3,85,88.1,79,83,78,water,88.8,2,0
161,Sentret,46,34,0.8,35,50,35,45,20,normal,6,2,0
162,Furret,76,64,1.8,85,50,45,55,90,normal,32.5,2,0
163,Hoothoot,30,30,0.7,60,50,36,56,50,normal,21.2,2,0
164,Noctowl,50,50,1.6,100,50,86,96,70,normal,40.8,2,0
165,Ledyba,20,30,1,40,50,40,80,55,bug,10.8,2,0
166,Ledian,35,50,1.4,55,50,55,110,85,bug,35.6,2,0
167,Spinarak,60,40,0.5,40,50,40,40,30,bug,8.5,2,0
168,Ariados,90,70,1.1,70,50,60,70,40,bug,33.5,2,0
169,Crobat,90,80,1.8,85,50,70,80,130,poison,75,2,0
170,Chinchou,38,38,0.5,75,50,56,56,67,water,12,2,0
171,Lanturn,58,58,1.2,125,50,76,76,67,water,22.5,2,0
172,Pichu,40,15,0.3,20,50,35,35,60,electric,2,2,0
173,Cleffa,25,28,0.3,50,24.6,45,55,15,fairy,3,2,0
174,Igglybuff,30,15,0.3,90,24.6,40,20,15,normal,1,2,0
175,Togepi,20,65,0.3,35,88.1,40,65,20,fairy,1.5,2,0
176,Togetic,40,85,0.6,55,88.1,80,105,40,fairy,3.2,2,0
177,Natu,50,45,0.2,40,50,70,45,70,psychic,2,2,0
178,Xatu,75,70,1.5,65,50,95,70,95,psychic,15,2,0
179,Mareep,40,40,0.6,55,50,65,45,35,electric,7.8,2,0
180,Flaaffy,55,55,0.8,70,50,80,60,45,electric,13.3,2,0
181,Ampharos,95,105,1.4,90,50,165,110,45,electric,61.5,2,0
182,Bellossom,80,95,0.4,75,50,90,100,50,grass,5.8,2,0
183,Marill,20,50,0.4,70,50,20,50,40,water,8.5,2,0
184,Azumarill,50,80,0.8,100,50,60,80,50,water,28.5,2,0
185,Sudowoodo,100,115,1.2,70,50,30,65,30,rock,38,2,0
186,Politoed,75,75,1.1,90,50,90,100,70,water,33.9,2,0
187,Hoppip,35,40,0.4,35,50,35,55,50,grass,0.5,2,0
188,Skiploom,45,50,0.6,55,50,45,65,80,grass,1,2,0
189,Jumpluff,55,70,0.8,75,50,55,95,110,grass,3,2,0
190,Aipom,70,55,0.8,55,50,40,55,85,normal,11.5,2,0
191,Sunkern,30,30,0.3,30,50,30,30,30,grass,1.8,2,0
192,Sunflora,75,55,0.8,75,50,105,85,30,grass,8.5,2,0
193,Yanma,65,45,1.2,65,50,75,45,95,bug,38,2,0
194,Wooper,45,45,0.4,55,50,25,25,15,water,8.5,2,0
195,Quagsire,85,85,1.4,95,50,65,65,35,water,75,2,0
196,Espeon,65,60,0.9,65,88.1,130,95,110,psychic,26.5,2,0
197,Umbreon,65,110,1,95,88.1,60,130,65,dark,27,2,0
198,Murkrow,85,42,0.5,60,50,85,42,91,dark,2.1,2,0
199,Slowking,75,80,2,95,50,100,110,30,water,79.5,2,0
200,Misdreavus,60,60,0.7,60,50,85,85,85,ghost,1,2,0
201,Unown,72,48,0.5,48,,72,48,48,psychic,5,2,0
202,Wobbuffet,33,58,1.3,190,50,33,58,33,psychic,28.5,2,0
203,Girafarig,80,65,1.5,70,50,90,65,85,normal,41.5,2,0
204,Pineco,65,90,0.6,50,50,35,35,15,bug,7.2,2,0
205,Forretress,90,140,1.2,75,50,60,60,40,bug,125.8,2,0
206,Dunsparce,70,70,1.5,100,50,65,65,45,normal,14,2,0
207,Gligar,75,105,1.1,65,50,35,65,85,ground,64.8,2,0
208,Steelix,125,230,9.2,75,50,55,95,30,steel,400,2,0
209,Snubbull,80,50,0.6,60,24.6,40,40,30,fairy,7.8,2,0
210,Granbull,120,75,1.4,90,24.6,60,60,45,fairy,48.7,2,0
211,Qwilfish,95,85,0.5,65,50,55,55,85,water,3.9,2,0
212,Scizor,150,140,1.8,70,50,65,100,75,bug,118,2,0
213,Shuckle,10,230,0.6,20,50,10,230,5,bug,20.5,2,0
214,Heracross,185,115,1.5,80,50,40,105,75,bug,54,2,0
215,Sneasel,95,55,0.9,55,50,35,75,115,dark,28,2,0
216,Teddiursa,80,50,0.6,60,50,50,50,40,normal,8.8,2,0
217,Ursaring,130,75,1.8,90,50,75,75,55,normal,125.8,2,0
218,Slugma,40,40,0.7,40,50,70,40,20,fire,35,2,0
219,Magcargo,50,120,0.8,60,50,90,80,30,fire,55,2,0
220,Swinub,50,40,0.4,50,50,30,30,50,ice,6.5,2,0
221,Piloswine,100,80,1.1,100,50,60,60,50,ice,55.8,2,0
222,Corsola,55,95,0.6,65,24.6,65,95,35,water,5,2,0
223,Remoraid,65,35,0.6,35,50,65,35,65,water,12,2,0
224,Octillery,105,75,0.9,75,50,105,75,45,water,28.5,2,0
225,Delibird,55,45,0.9,45,50,65,45,75,ice,16,2,0
226,Mantine,40,70,2.1,85,50,80,140,70,water,220,2,0
227,Skarmory,80,140,1.7,65,50,40,70,70,steel,50.5,2,0
228,Houndour,60,30,0.6,45,50,80,50,65,dark,10.8,2,0
229,Houndoom,90,90,1.4,75,50,140,90,115,dark,35,2,0
230,Kingdra,95,95,1.8,75,50,95,95,85,water,152,2,0
231,Phanpy,60,60,0.5,90,50,40,40,40,ground,33.5,2,0
232,Donphan,120,120,1.1,90,50,60,60,50,ground,120,2,0
233,Porygon2,80,90,0.6,85,,105,95,60,normal,32.5,2,0
234,Stantler,95,62,1.4,73,50,85,65,85,normal,71.2,2,0
235,Smeargle,20,35,1.2,55,50,20,45,75,normal,58,2,0
236,Tyrogue,35,35,0.7,35,100,35,35,35,fighting,21,2,0
237,Hitmontop,95,95,1.4,50,100,35,110,70,fighting,48,2,0
238,Smoochum,30,15,0.4,45,0,85,65,65,ice,6,2,0
239,Elekid,63,37,0.6,45,75.4,65,55,95,electric,23.5,2,0
240,Magby,75,37,0.7,45,75.4,70,55,83,fire,21.4,2,0
241,Miltank,80,105,1.2,95,0,40,70,100,normal,75.5,2,0
242,Blissey,10,10,1.5,255,0,75,135,55,normal,46.8,2,0
243,Raikou,85,75,1.9,90,,115,100,115,electric,178,2,1
244,Entei,115,85,2.1,115,,90,75,100,fire,198,2,1
245,Suicune,75,115,2,100,,90,115,85,water,187,2,1
246,Larvitar,64,50,0.6,50,50,45,50,41,rock,72,2,0
247,Pupitar,84,70,1.2,70,50,65,70,51,rock,152,2,0
248,Tyranitar,164,150,2,100,50,95,120,71,rock,202,2,0
249,Lugia,90,130,5.2,106,,90,154,110,psychic,216,2,1
250,Ho-Oh,130,90,3.8,106,,110,154,90,fire,199,2,1
251,Celebi,100,100,0.6,100,,100,100,100,psychic,5,2,1
252,Treecko,45,35,0.5,40,88.1,65,55,70,grass,5,3,0
253,Grovyle,65,45,0.9,50,88.1,85,65,95,grass,21.6,3,0
254,Sceptile,110,75,1.7,70,88.1,145,85,145,grass,52.2,3,0
255,Torchic,60,40,0.4,45,88.1,70,50,45,fire,2.5,3,0
256,Combusken,85,60,0.9,60,88.1,85,60,55,fire,19.5,3,0
257,Blaziken,160,80,1.9,80,88.1,130,80,100,fire,52,3,0
258,Mudkip,70,50,0.4,50,88.1,50,50,40,water,7.6,3,0
259,Marshtomp,85,70,0.7,70,88.1,60,70,50,water,28,3,0
260,Swampert,150,110,1.5,100,88.1,95,110,70,water,81.9,3,0
261,Poochyena,55,35,0.5,35,50,30,30,35,dark,13.6,3,0
262,Mightyena,90,70,1,70,50,60,60,70,dark,37,3,0
263,Zigzagoon,30,41,0.4,38,50,30,41,60,normal,17.5,3,0
264,Linoone,70,61,0.5,78,50,50,61,100,normal,32.5,3,0
265,Wurmple,45,35,0.3,45,50,20,30,20,bug,3.6,3,0
266,Silcoon,35,55,0.6,50,50,25,25,15,bug,10,3,0
267,Beautifly,70,50,1,60,50,100,50,65,bug,28.4,3,0
268,Cascoon,35,55,0.7,50,50,25,25,15,bug,11.5,3,0
269,Dustox,50,70,1.2,60,50,50,90,65,bug,31.6,3,0
270,Lotad,30,30,0.5,40,50,40,50,30,water,2.6,3,0
271,Lombre,50,50,1.2,60,50,60,70,50,water,32.5,3,0
272,Ludicolo,70,70,1.5,80,50,90,100,70,water,55,3,0
273,Seedot,40,50,0.5,40,50,30,30,30,grass,4,3,0
274,Nuzleaf,70,40,1,70,50,60,40,60,grass,28,3,0
275,Shiftry,100,60,1.3,90,50,90,60,80,grass,59.6,3,0
276,Taillow,55,30,0.3,40,50,30,30,85,normal,2.3,3,0
277,Swellow,85,60,0.7,60,50,75,50,125,normal,19.8,3,0
278,Wingull,30,30,0.6,40,50,55,30,85,water,9.5,3,0
279,Pelipper,50,100,1.2,60,50,95,70,65,water,28,3,0
280,Ralts,25,25,0.4,28,50,45,35,40,psychic,6.6,3,0
281,Kirlia,35,35,0.8,38,50,65,55,50,psychic,20.2,3,0
282,Gardevoir,85,65,1.6,68,50,165,135,100,psychic,48.4,3,0
283,Surskit,30,32,0.5,40,50,50,52,65,bug,1.7,3,0
284,Masquerain,60,62,0.8,70,50,100,82,80,bug,3.6,3,0
285,Shroomish,40,60,0.4,60,50,40,60,35,grass,4.5,3,0
286,Breloom,130,80,1.2,60,50,60,60,70,grass,39.2,3,0
287,Slakoth,60,60,0.8,60,50,35,35,30,normal,24,3,0
288,Vigoroth,80,80,1.4,80,50,55,55,90,normal,46.5,3,0
289,Slaking,160,100,2,150,50,95,65,100,normal,130.5,3,0
290,Nincada,45,90,0.5,31,50,30,30,40,bug,5.5,3,0
291,Ninjask,90,45,0.8,61,50,50,50,160,bug,12,3,0
292,Shedinja,90,45,0.8,1,,30,30,40,bug,1.2,3,0
293,Whismur,51,23,0.6,64,50,51,23,28,normal,16.3,3,0
294,Loudred,71,43,1,84,50,71,43,48,normal,40.5,3,0
295,Exploud,91,63,1.5,104,50,91,73,68,normal,84,3,0
296,Makuhita,60,30,1,72,75.4,20,30,25,fighting,86.4,3,0
297,Hariyama,120,60,2.3,144,75.4,40,60,50,fighting,253.8,3,0
298,Azurill,20,40,0.2,50,24.6,20,40,20,normal,2,3,0
299,Nosepass,45,135,1,30,50,45,90,30,rock,97,3,0
300,Skitty,45,45,0.6,50,24.6,35,35,50,normal,11,3,0
301,Delcatty,65,65,1.1,70,24.6,55,55,90,normal,32.6,3,0
302,Sableye,85,125,0.5,50,50,85,115,20,dark,11,3,0
303,Mawile,105,125,0.6,50,50,55,95,50,steel,11.5,3,0
304,Aron,70,100,0.4,50,50,40,40,30,steel,60,3,0
305,Lairon,90,140,0.9,60,50,50,50,40,steel,120,3,0
306,Aggron,140,230,2.1,70,50,60,80,50,steel,360,3,0
307,Meditite,40,55,0.6,30,50,40,55,60,fighting,11.2,3,0
308,Medicham,100,85,1.3,60,50,80,85,100,fighting,31.5,3,0
309,Electrike,45,40,0.6,40,50,65,40,65,electric,15.2,3,0
310,Manectric,75,80,1.5,70,50,135,80,135,electric,40.2,3,0
311,Plusle,50,40,0.4,60,50,85,75,95,electric,4.2,3,0
312,Minun,40,50,0.4,60,50,75,85,95,electric,4.2,3,0
313,Volbeat,73,75,0.7,65,100,47,85,85,bug,17.7,3,0
314,Illumise,47,75,0.6,65,0,73,85,85,bug,17.7,3,0
315,Roselia,60,45,0.3,50,50,100,80,65,grass,2,3,0
316,Gulpin,43,53,0.4,70,50,43,53,40,poison,10.3,3,0
317,Swalot,73,83,1.7,100,50,73,83,55,poison,80,3,0
318,Carvanha,90,20,0.8,45,50,65,20,65,water,20.8,3,0
319,Sharpedo,140,70,1.8,70,50,110,65,105,water,88.8,3,0
320,Wailmer,70,35,2,130,50,70,35,60,water,130,3,0
321,Wailord,90,45,14.5,170,50,90,45,60,water,398,3,0
322,Numel,60,40,0.7,60,50,65,45,35,fire,24,3,0
323,Camerupt,120,100,1.9,70,50,145,105,20,fire,220,3,0
324,Torkoal,85,140,0.5,70,50,85,70,20,fire,80.4,3,0
325,Spoink,25,35,0.7,60,50,70,80,60,psychic,30.6,3,0
326,Grumpig,45,65,0.9,80,50,90,110,80,psychic,71.5,3,0
327,Spinda,60,60,1.1,60,50,60,60,60,normal,5,3,0
328,Trapinch,100,45,0.7,45,50,45,45,10,ground,15,3,0
329,Vibrava,70,50,1.1,50,50,50,50,70,ground,15.3,3,0
330,Flygon,100,80,2,80,50,80,80,100,ground,82,3,0
331,Cacnea,85,40,0.4,50,50,85,40,35,grass,51.3,3,0
332,Cacturne,115,60,1.3,70,50,115,60,55,grass,77.4,3,0
333,Swablu,40,60,0.4,45,50,40,75,50,normal,1.2,3,0
334,Altaria,110,110,1.1,75,50,110,105,80,dragon,20.6,3,0
335,Zangoose,115,60,1.3,73,50,60,60,90,normal,40.3,3,0
336,Seviper,100,60,2.7,73,50,100,60,65,poison,52.5,3,0
337,Lunatone,55,65,1,90,,95,85,70,rock,168,3,0
338,Solrock,95,85,1.2,90,,55,65,70,rock,154,3,0
339,Barboach,48,43,0.4,50,50,46,41,60,water,1.9,3,0
340,Whiscash,78,73,0.9,110,50,76,71,60,water,23.6,3,0
341,Corphish,80,65,0.6,43,50,50,35,35,water,11.5,3,0
342,Crawdaunt,120,85,1.1,63,50,90,55,55,water,32.8,3,0
343,Baltoy,40,55,0.5,40,,40,70,55,ground,21.5,3,0
344,Claydol,70,105,1.5,60,,70,120,75,ground,108,3,0
345,Lileep,41,77,1,66,88.1,61,87,23,rock,23.8,3,0
346,Cradily,81,97,1.5,86,88.1,81,107,43,rock,60.4,3,0
347,Anorith,95,50,0.7,45,88.1,40,50,75,rock,12.5,3,0
348,Armaldo,125,100,1.5,75,88.1,70,80,45,rock,68.2,3,0
349,Feebas,15,20,0.6,20,50,10,55,80,water,7.4,3,0
350,Milotic,60,79,6.2,95,50,100,125,81,water,162,3,0
351,Castform,70,70,0.3,70,50,70,70,70,normal,0.8,3,0
352,Kecleon,90,70,1,60,50,60,120,40,normal,22,3,0
353,Shuppet,75,35,0.6,44,50,63,33,45,ghost,2.3,3,0
354,Banette,165,75,1.1,64,50,93,83,75,ghost,12.5,3,0
355,Duskull,40,90,0.8,20,50,30,90,25,ghost,15,3,0
356,Dusclops,70,130,1.6,40,50,60,130,25,ghost,30.6,3,0
357,Tropius,68,83,2,99,50,72,87,51,grass,100,3,0
358,Chimecho,50,80,0.6,75,50,95,90,65,psychic,1,3,0
359,Absol,150,60,1.2,65,50,115,60,115,dark,47,3,0
360,Wynaut,23,48,0.6,95,50,23,48,23,psychic,14,3,0
361,Snorunt,50,50,0.7,50,50,50,50,50,ice,16.8,3,0
362,Glalie,120,80,1.5,80,50,120,80,100,ice,256.5,3,0
363,Spheal,40,50,0.8,70,50,55,50,25,ice,39.5,3,0
364,Sealeo,60,70,1.1,90,50,75,70,45,ice,87.6,3,0
365,Walrein,80,90,1.4,110,50,95,90,65,ice,150.6,3,0
366,Clamperl,64,85,0.4,35,50,74,55,32,water,52.5,3,0
367,Huntail,104,105,1.7,55,50,94,75,52,water,27,3,0
368,Gorebyss,84,105,1.8,55,50,114,75,52,water,22.6,3,0
369,Relicanth,90,130,1,100,88.1,45,65,55,water,23.4,3,0
370,Luvdisc,30,55,0.6,43,24.6,40,65,97,water,8.7,3,0
371,Bagon,75,60,0.6,45,50,40,30,50,dragon,42.1,3,0
372,Shelgon,95,100,1.1,65,50,60,50,50,dragon,110.5,3,0
373,Salamence,145,130,1.5,95,50,120,90,120,dragon,102.6,3,0
374,Beldum,55,80,0.6,40,,35,60,30,steel,95.2,3,0
375,Metang,75,100,1.2,60,,55,80,50,steel,202.5,3,0
376,Metagross,145,150,1.6,80,,105,110,110,steel,550,3,0
377,Regirock,100,200,1.7,80,,50,100,50,rock,230,3,1
378,Regice,50,100,1.8,80,,100,200,50,ice,175,3,1
379,Registeel,75,150,1.9,80,,75,150,50,steel,205,3,1
380,Latias,100,120,1.4,80,0,140,150,110,dragon,40,3,1
381,Latios,130,100,2,80,100,160,120,110,dragon,60,3,1
382,Kyogre,150,90,4.5,100,,180,160,90,water,352,3,1
383,Groudon,180,160,3.5,100,,150,90,90,ground,950,3,1
384,Rayquaza,180,100,7,105,,180,100,115,dragon,206.5,3,1
385,Jirachi,100,100,0.3,100,,100,100,100,steel,1.1,3,1
386,Deoxys,95,90,1.7,50,,95,90,180,psychic,60.8,3,1
387,Turtwig,68,64,0.4,55,88.1,45,55,31,grass,10.2,4,0
388,Grotle,89,85,1.1,75,88.1,55,65,36,grass,97,4,0
389,Torterra,109,105,2.2,95,88.1,75,85,56,grass,310,4,0
390,Chimchar,58,44,0.5,44,88.1,58,44,61,fire,6.2,4,0
391,Monferno,78,52,0.9,64,88.1,78,52,81,fire,22,4,0
392,Infernape,104,71,1.2,76,88.1,104,71,108,fire,55,4,0
393,Piplup,51,53,0.4,53,88.1,61,56,40,water,5.2,4,0
394,Prinplup,66,68,0.8,64,88.1,81,76,50,water,23,4,0
395,Empoleon,86,88,1.7,84,88.1,111,101,60,water,84.5,4,0
396,Starly,55,30,0.3,40,50,30,30,60,normal,2,4,0
397,Staravia,75,50,0.6,55,50,40,40,80,normal,15.5,4,0
398,Staraptor,120,70,1.2,85,50,50,60,100,normal,24.9,4,0
399,Bidoof,45,40,0.5,59,50,35,40,31,normal,20,4,0
400,Bibarel,85,60,1,79,50,55,60,71,normal,31.5,4,0
401,Kricketot,25,41,0.3,37,50,25,41,25,bug,2.2,4,0
402,Kricketune,85,51,1,77,50,55,51,65,bug,25.5,4,0
403,Shinx,65,34,0.5,45,50,40,34,45,electric,9.5,4,0
404,Luxio,85,49,0.9,60,50,60,49,60,electric,30.5,4,0
405,Luxray,120,79,1.4,80,50,95,79,70,electric,42,4,0
406,Budew,30,35,0.2,40,50,50,70,55,grass,1.2,4,0
407,Roserade,70,65,0.9,60,50,125,105,90,grass,14.5,4,0
408,Cranidos,125,40,0.9,67,88.1,30,30,58,rock,31.5,4,0
409,Rampardos,165,60,1.6,97,88.1,65,50,58,rock,102.5,4,0
410,Shieldon,42,118,0.5,30,88.1,42,88,30,rock,57,4,0
411,Bastiodon,52,168,1.3,60,88.1,47,138,30,rock,149.5,4,0
412,Burmy,29,45,0.2,40,50,29,45,36,bug,3.4,4,0
413,Wormadam,69,95,0.5,60,0,69,95,36,bug,6.5,4,0
414,Mothim,94,50,0.9,70,100,94,50,66,bug,23.3,4,0
415,Combee,30,42,0.3,30,88.1,30,42,70,bug,5.5,4,0
416,Vespiquen,80,102,1.2,70,0,80,102,40,bug,38.5,4,0
417,Pachirisu,45,70,0.4,60,50,45,90,95,electric,3.9,4,0
418,Buizel,65,35,0.7,55,50,60,30,85,water,29.5,4,0
419,Floatzel,105,55,1.1,85,50,85,50,115,water,33.5,4,0
420,Cherubi,35,45,0.4,45,50,62,53,35,grass,3.3,4,0
421,Cherrim,60,70,0.5,70,50,87,78,85,grass,9.3,4,0
422,Shellos,48,48,0.3,76,50,57,62,34,water,6.3,4,0
423,Gastrodon,83,68,0.9,111,50,92,82,39,water,29.9,4,0
424,Ambipom,100,66,1.2,75,50,60,66,115,normal,20.3,4,0
425,Drifloon,50,34,0.4,90,50,60,44,70,ghost,1.2,4,0
426,Drifblim,80,44,1.2,150,50,90,54,80,ghost,15,4,0
427,Buneary,66,44,0.4,55,50,44,56,85,normal,5.5,4,0
428,Lopunny,136,94,1.2,65,50,54,96,135,normal,33.3,4,0
429,Mismagius,60,60,0.9,60,50,105,105,105,ghost,4.4,4,0
430,Honchkrow,125,52,0.9,100,50,105,52,71,dark,27.3,4,0
431,Glameow,55,42,0.5,49,24.6,42,37,85,normal,3.9,4,0
432,Purugly,82,64,1,71,24.6,64,59,112,normal,43.8,4,0
433,Chingling,30,50,0.2,45,50,65,50,45,psychic,0.6,4,0
434,Stunky,63,47,0.4,63,50,41,41,74,poison,19.2,4,0
435,Skuntank,93,67,1,103,50,71,61,84,poison,38,4,0
436,Bronzor,24,86,0.5,57,,24,86,23,steel,60.5,4,0
437,Bronzong,89,116,1.3,67,,79,116,33,steel,187,4,0
438,Bonsly,80,95,0.5,50,50,10,45,10,rock,15,4,0
439,Mime Jr.,25,45,0.6,20,50,70,90,60,psychic,13,4,0
440,Happiny,5,5,0.6,100,0,15,65,30,normal,24.4,4,0
441,Chatot,65,45,0.5,76,50,92,42,91,normal,1.9,4,0
442,Spiritomb,92,108,1,50,50,92,108,35,ghost,108,4,0
443,Gible,70,45,0.7,58,50,40,45,42,dragon,20.5,4,0
444,Gabite,90,65,1.4,68,50,50,55,82,dragon,56,4,0
445,Garchomp,170,115,1.9,108,50,120,95,92,dragon,95,4,0
446,Munchlax,85,40,0.6,135,88.1,40,85,5,normal,105,4,0
447,Riolu,70,40,0.7,40,88.1,35,40,60,fighting,20.2,4,0
448,Lucario,145,88,1.2,70,88.1,140,70,112,fighting,54,4,0
449,Hippopotas,72,78,0.8,68,50,38,42,32,ground,49.5,4,0
450,Hippowdon,112,118,2,108,50,68,72,47,ground,300,4,0
451,Skorupi,50,90,0.8,40,50,30,55,65,poison,12,4,0
452,Drapion,90,110,1.3,70,50,60,75,95,poison,61.5,4,0
453,Croagunk,61,40,0.7,48,50,61,40,50,poison,23,4,0
454,Toxicroak,106,65,1.3,83,50,86,65,85,poison,44.4,4,0
455,Carnivine,100,72,1.4,74,50,90,72,46,grass,27,4,0
456,Finneon,49,56,0.4,49,50,49,61,66,water,7,4,0
457,Lumineon,69,76,1.2,69,50,69,86,91,water,24,4,0
458,Mantyke,20,50,1,45,50,60,120,50,water,65,4,0
459,Snover,62,50,1,60,50,62,60,40,grass,50.5,4,0
460,Abomasnow,132,105,2.2,90,50,132,105,30,grass,135.5,4,0
461,Weavile,120,65,1.1,70,50,45,85,125,dark,34,4,0
462,Magnezone,70,115,1.2,70,,130,90,60,electric,180,4,0
463,Lickilicky,85,95,1.7,110,50,80,95,50,normal,140,4,0
464,Rhyperior,140,130,2.4,115,50,55,55,40,ground,282.8,4,0
465,Tangrowth,100,125,2,100,50,110,50,50,grass,128.6,4,0
466,Electivire,123,67,1.8,75,75.4,95,85,95,electric,138.6,4,0
467,Magmortar,95,67,1.6,75,75.4,125,95,83,fire,68,4,0
468,Togekiss,50,95,1.5,85,88.1,120,115,80,fairy,38,4,0
469,Yanmega,76,86,1.9,86,50,116,56,95,bug,51.5,4,0
470,Leafeon,110,130,1,65,88.1,60,65,95,grass,25.5,4,0
471,Glaceon,60,110,0.8,65,88.1,130,95,65,ice,25.9,4,0
472,Gliscor,95,125,2,75,50,45,75,95,ground,42.5,4,0
473,Mamoswine,130,80,2.5,110,50,70,60,80,ice,291,4,0
474,Porygon-Z,80,70,0.9,85,,135,75,90,normal,34,4,0
475,Gallade,165,95,1.6,68,100,65,115,110,psychic,52,4,0
476,Probopass,55,145,1.4,60,50,75,150,40,rock,340,4,0
477,Dusknoir,100,135,2.2,45,50,65,135,45,ghost,106.6,4,0
478,Froslass,80,70,1.3,70,0,80,70,110,ice,26.6,4,0
479,Rotom,65,107,0.3,50,,105,107,86,electric,0.3,4,0
480,Uxie,75,130,0.3,75,,75,130,95,psychic,0.3,4,1
481,Mesprit,105,105,0.3,80,,105,105,80,psychic,0.3,4,1
482,Azelf,125,70,0.3,75,,125,70,115,psychic,0.3,4,1
483,Dialga,120,120,5.4,100,,150,100,90,steel,683,4,1
484,Palkia,120,100,4.2,90,,150,120,100,water,336,4,1
485,Heatran,90,106,1.7,91,50,130,106,77,fire,430,4,1
486,Regigigas,160,110,3.7,110,,80,110,100,normal,420,4,1
487,Giratina,120,100,4.5,150,,120,100,90,ghost,750,4,1
488,Cresselia,70,120,1.5,120,0,75,130,85,psychic,85.6,4,1
489,Phione,80,80,0.4,80,,80,80,80,water,3.1,4,0
490,Manaphy,100,100,0.3,100,,100,100,100,water,1.4,4,1
491,Darkrai,90,90,1.5,70,,135,90,125,dark,50.5,4,1
492,Shaymin,103,75,0.2,100,,120,75,127,grass,2.1,4,1
493,Arceus,120,120,3.2,120,,120,120,120,normal,320,4,1
494,Victini,100,100,0.4,100,,100,100,100,psychic,4,5,1
495,Snivy,45,55,0.6,45,88.1,45,55,63,grass,8.1,5,0
496,Servine,60,75,0.8,60,88.1,60,75,83,grass,16,5,0
497,Serperior,75,95,3.3,75,88.1,75,95,113,grass,63,5,0
498,Tepig,63,45,0.5,65,88.1,45,45,45,fire,9.9,5,0
499,Pignite,93,55,1,90,88.1,70,55,55,fire,55.5,5,0
500,Emboar,123,65,1.6,110,88.1,100,65,65,fire,150,5,0
501,Oshawott,55,45,0.5,55,88.1,63,45,45,water,5.9,5,0
502,Dewott,75,60,0.8,75,88.1,83,60,60,water,24.5,5,0
503,Samurott,100,85,1.5,95,88.1,108,70,70,water,94.6,5,0
504,Patrat,55,39,0.5,45,50,35,39,42,normal,11.6,5,0
505,Watchog,85,69,1.1,60,50,60,69,77,normal,27,5,0
506,Lillipup,60,45,0.4,45,50,25,45,55,normal,4.1,5,0
507,Herdier,80,65,0.9,65,50,35,65,60,normal,14.7,5,0
508,Stoutland,110,90,1.2,85,50,45,90,80,normal,61,5,0
509,Purrloin,50,37,0.4,41,50,50,37,66,dark,10.1,5,0
510,Liepard,88,50,1.1,64,50,88,50,106,dark,37.5,5,0
511,Pansage,53,48,0.6,50,88.1,53,48,64,grass,10.5,5,0
512,Simisage,98,63,1.1,75,88.1,98,63,101,grass,30.5,5,0
513,Pansear,53,48,0.6,50,88.1,53,48,64,fire,11,5,0
514,Simisear,98,63,1,75,88.1,98,63,101,fire,28,5,0
515,Panpour,53,48,0.6,50,88.1,53,48,64,water,13.5,5,0
516,Simipour,98,63,1,75,88.1,98,63,101,water,29,5,0
517,Munna,25,45,0.6,76,50,67,55,24,psychic,23.3,5,0
518,Musharna,55,85,1.1,116,50,107,95,29,psychic,60.5,5,0
519,Pidove,55,50,0.3,50,50,36,30,43,normal,2.1,5,0
520,Tranquill,77,62,0.6,62,50,50,42,65,normal,15,5,0
521,Unfezant,115,80,1.2,80,50,65,55,93,normal,29,5,0
522,Blitzle,60,32,0.8,45,50,50,32,76,electric,29.8,5,0
523,Zebstrika,100,63,1.6,75,50,80,63,116,electric,79.5,5,0
524,Roggenrola,75,85,0.4,55,50,25,25,15,rock,18,5,0
525,Boldore,105,105,0.9,70,50,50,40,20,rock,102,5,0
526,Gigalith,135,130,1.7,85,50,60,80,25,rock,260,5,0
527,Woobat,45,43,0.4,65,50,55,43,72,psychic,2.1,5,0
528,Swoobat,57,55,0.9,67,50,77,55,114,psychic,10.5,5,0
529,Drilbur,85,40,0.3,60,50,30,45,68,ground,8.5,5,0
530,Excadrill,135,60,0.7,110,50,50,65,88,ground,40.4,5,0
531,Audino,60,126,1.1,103,50,80,126,50,normal,31,5,0
532,Timburr,80,55,0.6,75,75.4,25,35,35,fighting,12.5,5,0
533,Gurdurr,105,85,1.2,85,75.4,40,50,40,fighting,40,5,0
534,Conkeldurr,140,95,1.4,105,75.4,55,65,45,fighting,87,5,0
535,Tympole,50,40,0.5,50,50,50,40,64,water,4.5,5,0
536,Palpitoad,65,55,0.8,75,50,65,55,69,water,17,5,0
537,Seismitoad,95,75,1.5,105,50,85,75,74,water,62,5,0
538,Throh,100,85,1.3,120,100,30,85,45,fighting,55.5,5,0
539,Sawk,125,75,1.4,75,100,30,75,85,fighting,51,5,0
540,Sewaddle,53,70,0.3,45,50,40,60,42,bug,2.5,5,0
541,Swadloon,63,90,0.5,55,50,50,80,42,bug,7.3,5,0
542,Leavanny,103,80,1.2,75,50,70,80,92,bug,20.5,5,0
543,Venipede,45,59,0.4,30,50,30,39,57,bug,5.3,5,0
544,Whirlipede,55,99,1.2,40,50,40,79,47,bug,58.5,5,0
545,Scolipede,100,89,2.5,60,50,55,69,112,bug,200.5,5,0
546,Cottonee,27,60,0.3,40,50,37,50,66,grass,0.6,5,0
547,Whimsicott,67,85,0.7,60,50,77,75,116,grass,6.6,5,0
548,Petilil,35,50,0.5,45,0,70,50,30,grass,6.6,5,0
549,Lilligant,60,75,1.1,70,0,110,75,90,grass,16.3,5,0
550,Basculin,92,65,1,70,50,80,55,98,water,18,5,0
551,Sandile,72,35,0.7,50,50,35,35,65,ground,15.2,5,0
552,Krokorok,82,45,1,60,50,45,45,74,ground,33.4,5,0
553,Krookodile,117,80,1.5,95,50,65,70,92,ground,96.3,5,0
554,Darumaka,90,45,0.6,70,50,15,45,50,fire,37.5,5,0
555,Darmanitan,30,105,1.3,105,50,140,105,55,fire,92.9,5,0
556,Maractus,86,67,1,75,50,106,67,60,grass,28,5,0
557,Dwebble,65,85,0.3,50,50,35,35,55,bug,14.5,5,0
558,Crustle,105,125,1.4,70,50,65,75,45,bug,200,5,0
559,Scraggy,75,70,0.6,50,50,35,70,48,dark,11.8,5,0
560,Scrafty,90,115,1.1,65,50,45,115,58,dark,30,5,0
561,Sigilyph,58,80,1.4,72,50,103,80,97,psychic,14,5,0
562,Yamask,30,85,0.5,38,50,55,65,30,ghost,1.5,5,0
563,Cofagrigus,50,145,1.7,58,50,95,105,30,ghost,76.5,5,0
564,Tirtouga,78,103,0.7,54,88.1,53,45,22,water,16.5,5,0
565,Carracosta,108,133,1.2,74,88.1,83,65,32,water,81,5,0
566,Archen,112,45,0.5,55,88.1,74,45,70,rock,9.5,5,0
567,Archeops,140,65,1.4,75,88.1,112,65,110,rock,32,5,0
568,Trubbish,50,62,0.6,50,50,40,62,65,poison,31,5,0
569,Garbodor,95,82,1.9,80,50,60,82,75,poison,107.3,5,0
570,Zorua,65,40,0.7,40,88.1,80,40,65,dark,12.5,5,0
571,Zoroark,105,60,1.6,60,88.1,120,60,105,dark,81.1,5,0
572,Minccino,50,40,0.4,55,24.6,40,40,75,normal,5.8,5,0
573,Cinccino,95,60,0.5,75,24.6,65,60,115,normal,7.5,5,0
574,Gothita,30,50,0.4,45,24.6,55,65,45,psychic,5.8,5,0
575,Gothorita,45,70,0.7,60,24.6,75,85,55,psychic,18,5,0
576,Gothitelle,55,95,1.5,70,24.6,95,110,65,psychic,44,5,0
577,Solosis,30,40,0.3,45,50,105,50,20,psychic,1,5,0
578,Duosion,40,50,0.6,65,50,125,60,30,psychic,8,5,0
579,Reuniclus,65,75,1,110,50,125,85,30,psychic,20.1,5,0
580,Ducklett,44,50,0.5,62,50,44,50,55,water,5.5,5,0
581,Swanna,87,63,1.3,75,50,87,63,98,water,24.2,5,0
582,Vanillite,50,50,0.4,36,50,65,60,44,ice,5.7,5,0
583,Vanillish,65,65,1.1,51,50,80,75,59,ice,41,5,0
584,Vanilluxe,95,85,1.3,71,50,110,95,79,ice,57.5,5,0
585,Deerling,60,50,0.6,60,50,40,50,75,normal,19.5,5,0
586,Sawsbuck,100,70,1.9,80,50,60,70,95,normal,92.5,5,0
587,Emolga,75,60,0.4,55,50,75,60,103,electric,5,5,0
588,Karrablast,75,45,0.5,50,50,40,45,60,bug,5.9,5,0
589,Escavalier,135,105,1,70,50,60,105,20,bug,33,5,0
590,Foongus,55,45,0.2,69,50,55,55,15,grass,1,5,0
591,Amoonguss,85,70,0.6,114,50,85,80,30,grass,10.5,5,0
592,Frillish,40,50,1.2,55,50,65,85,40,water,33,5,0
593,Jellicent,60,70,2.2,100,50,85,105,60,water,135,5,0
594,Alomomola,75,80,1.2,165,50,40,45,65,water,31.6,5,0
595,Joltik,47,50,0.1,50,50,57,50,65,bug,0.6,5,0
596,Galvantula,77,60,0.8,70,50,97,60,108,bug,14.3,5,0
597,Ferroseed,50,91,0.6,44,50,24,86,10,grass,18.8,5,0
598,Ferrothorn,94,131,1,74,50,54,116,20,grass,110,5,0
599,Klink,55,70,0.3,40,,45,60,30,steel,21,5,0
600,Klang,80,95,0.6,60,,70,85,50,steel,51,5,0
601,Klinklang,100,115,0.6,60,,70,85,90,steel,81,5,0
602,Tynamo,55,40,0.2,35,50,45,40,60,electric,0.3,5,0
603,Eelektrik,85,70,1.2,65,50,75,70,40,electric,22,5,0
604,Eelektross,115,80,2.1,85,50,105,80,50,electric,80.5,5,0
605,Elgyem,55,55,0.5,55,50,85,55,30,psychic,9,5,0
606,Beheeyem,75,75,1,75,50,125,95,40,psychic,34.5,5,0
607,Litwick,30,55,0.3,50,50,65,55,20,ghost,3.1,5,0
608,Lampent,40,60,0.6,60,50,95,60,55,ghost,13,5,0
609,Chandelure,55,90,1,60,50,145,90,80,ghost,34.3,5,0
610,Axew,87,60,0.6,46,50,30,40,57,dragon,18,5,0
611,Fraxure,117,70,1,66,50,40,50,67,dragon,36,5,0
612,Haxorus,147,90,1.8,76,50,60,70,97,dragon,105.5,5,0
613,Cubchoo,70,40,0.5,55,50,60,40,40,ice,8.5,5,0
614,Beartic,130,80,2.6,95,50,70,80,50,ice,260,5,0
615,Cryogonal,50,50,1.1,80,,95,135,105,ice,148,5,0
616,Shelmet,40,85,0.4,50,50,40,65,25,bug,7.7,5,0
617,Accelgor,70,40,0.8,80,50,100,60,145,bug,25.3,5,0
618,Stunfisk,66,84,0.7,109,50,81,99,32,ground,11,5,0
619,Mienfoo,85,50,0.9,45,50,55,50,65,fighting,20,5,0
620,Mienshao,125,60,1.4,65,50,95,60,105,fighting,35.5,5,0
621,Druddigon,120,90,1.6,77,50,60,90,48,dragon,139,5,0
622,Golett,74,50,1,59,,35,50,35,ground,92,5,0
623,Golurk,124,80,2.8,89,,55,80,55,ground,330,5,0
624,Pawniard,85,70,0.5,45,50,40,40,60,dark,10.2,5,0
625,Bisharp,125,100,1.6,65,50,60,70,70,dark,70,5,0
626,Bouffalant,110,95,1.6,95,50,40,95,55,normal,94.6,5,0
627,Rufflet,83,50,0.5,70,100,37,50,60,normal,10.5,5,0
628,Braviary,123,75,1.5,100,100,57,75,80,normal,41,5,0
629,Vullaby,55,75,0.5,70,0,45,65,60,dark,9,5,0
630,Mandibuzz,65,105,1.2,110,0,55,95,80,dark,39.5,5,0
631,Heatmor,97,66,1.4,85,50,105,66,65,fire,58,5,0
632,Durant,109,112,0.3,58,50,48,48,109,bug,33,5,0
633,Deino,65,50,0.8,52,50,45,50,38,dark,17.3,5,0
634,Zweilous,85,70,1.4,72,50,65,70,58,dark,50,5,0
635,Hydreigon,105,90,1.8,92,50,125,90,98,dark,160,5,0
636,Larvesta,85,55,1.1,55,50,50,55,60,bug,28.8,5,0
637,Volcarona,60,65,1.6,85,50,135,105,100,bug,46,5,0
638,Cobalion,90,129,2.1,91,,90,72,108,steel,250,5,1
639,Terrakion,129,90,1.9,91,,72,90,108,rock,260,5,1
640,Virizion,90,72,2,91,,90,129,108,grass,200,5,1
641,Tornadus,100,80,1.5,79,100,110,90,121,flying,63,5,1
642,Thundurus,105,70,1.5,79,100,145,80,101,electric,61,5,1
643,Reshiram,120,100,3.2,100,,150,120,90,dragon,330,5,1
644,Zekrom,150,120,2.9,100,,120,100,90,dragon,345,5,1
645,Landorus,145,90,1.5,89,100,105,80,91,ground,68,5,1
646,Kyurem,120,90,3,125,,170,100,95,dragon,325,5,1
647,Keldeo,72,90,1.4,91,,129,90,108,water,48.5,5,1
648,Meloetta,128,90,0.6,100,,77,77,128,normal,6.5,5,1
649,Genesect,120,95,1.5,71,,120,95,99,bug,82.5,5,1
650,Chespin,61,65,0.4,56,88.1,48,45,38,grass,9,6,0
651,Quilladin,78,95,0.7,61,88.1,56,58,57,grass,29,6,0
652,Chesnaught,107,122,1.6,88,88.1,74,75,64,grass,90,6,0
653,Fennekin,45,40,0.4,40,88.1,62,60,60,fire,9.4,6,0
654,Braixen,59,58,1,59,88.1,90,70,73,fire,14.5,6,0
655,Delphox,69,72,1.5,75,88.1,114,100,104,fire,39,6,0
656,Froakie,56,40,0.3,41,88.1,62,44,71,water,7,6,0
657,Frogadier,63,52,0.6,54,88.1,83,56,97,water,10.9,6,0
658,Greninja,145,67,1.5,72,88.1,153,71,132,water,40,6,0
659,Bunnelby,36,38,0.4,38,50,32,36,57,normal,5,6,0
660,Diggersby,56,77,1,85,50,50,77,78,normal,42.4,6,0
661,Fletchling,50,43,0.3,45,50,40,38,62,normal,1.7,6,0
662,Fletchinder,73,55,0.7,62,50,56,52,84,fire,16,6,0
663,Talonflame,81,71,1.2,78,50,74,69,126,fire,24.5,6,0
664,Scatterbug,35,40,0.3,38,50,27,25,35,bug,2.5,6,0
665,Spewpa,22,60,0.3,45,50,27,30,29,bug,8.4,6,0
666,Vivillon,52,50,1.2,80,50,90,50,89,bug,17,6,0
667,Litleo,50,58,0.6,62,11.2,73,54,72,fire,13.5,6,0
668,Pyroar,68,72,1.5,86,11.2,109,66,106,fire,81.5,6,0
669,Flabébé,38,39,0.1,44,0,61,79,42,fairy,0.1,6,0
670,Floette,65,67,0.2,74,0,125,128,92,fairy,0.9,6,0
671,Florges,65,68,1.1,78,0,112,154,75,fairy,10,6,0
672,Skiddo,65,48,0.9,66,50,62,57,52,grass,31,6,0
673,Gogoat,100,62,1.7,123,50,97,81,68,grass,91,6,0
674,Pancham,82,62,0.6,67,50,46,48,43,fighting,8,6,0
675,Pangoro,124,78,2.1,95,50,69,71,58,fighting,136,6,0
676,Furfrou,80,60,1.2,75,50,65,90,102,normal,28,6,0
677,Espurr,48,54,0.3,62,50,63,60,68,psychic,3.5,6,0
678,Meowstic,48,76,0.6,74,50,83,81,104,psychic,8.5,6,0
679,Honedge,80,100,0.8,45,50,35,37,28,steel,2,6,0
680,Doublade,110,150,0.8,59,50,45,49,35,steel,4.5,6,0
681,Aegislash,150,50,1.7,60,50,150,50,60,steel,53,6,0
682,Spritzee,52,60,0.2,78,50,63,65,23,fairy,0.5,6,0
683,Aromatisse,72,72,0.8,101,50,99,89,29,fairy,15.5,6,0
684,Swirlix,48,66,0.4,62,50,59,57,49,fairy,3.5,6,0
685,Slurpuff,80,86,0.8,82,50,85,75,72,fairy,5,6,0
686,Inkay,54,53,0.4,53,50,37,46,45,dark,3.5,6,0
687,Malamar,92,88,1.5,86,50,68,75,73,dark,47,6,0
688,Binacle,52,67,0.5,42,50,39,56,50,rock,31,6,0
689,Barbaracle,105,115,1.3,72,50,54,86,68,rock,96,6,0
690,Skrelp,60,60,0.5,50,50,60,60,30,poison,7.3,6,0
691,Dragalge,75,90,1.8,65,50,97,123,44,poison,81.5,6,0
692,Clauncher,53,62,0.5,50,50,58,63,44,water,8.3,6,0
693,Clawitzer,73,88,1.3,71,50,120,89,59,water,35.3,6,0
694,Helioptile,38,33,0.5,44,50,61,43,70,electric,6,6,0
695,Heliolisk,55,52,1,62,50,109,94,109,electric,21,6,0
696,Tyrunt,89,77,0.8,58,88.1,45,45,48,rock,26,6,0
697,Tyrantrum,121,119,2.5,82,88.1,69,59,71,rock,270,6,0
698,Amaura,59,50,1.3,77,88.1,67,63,46,rock,25.2,6,0
699,Aurorus,77,72,2.7,123,88.1,99,92,58,rock,225,6,0
700,Sylveon,65,65,1,95,88.1,110,130,60,fairy,23.5,6,0
701,Hawlucha,92,75,0.8,78,50,74,63,118,fighting,21.5,6,0
702,Dedenne,58,57,0.2,67,50,81,67,101,electric,2.2,6,0
703,Carbink,50,150,0.3,50,,50,150,50,rock,5.7,6,0
704,Goomy,50,35,0.3,45,50,55,75,40,dragon,2.8,6,0
705,Sliggoo,75,53,0.8,68,50,83,113,60,dragon,17.5,6,0
706,Goodra,100,70,2,90,50,110,150,80,dragon,150.5,6,0
707,Klefki,80,91,0.2,57,50,80,87,75,steel,3,6,0
708,Phantump,70,48,0.4,43,50,50,60,38,ghost,7,6,0
709,Trevenant,110,76,1.5,85,50,65,82,56,ghost,71,6,0
710,Pumpkaboo,66,70,0.8,59,50,44,55,41,ghost,15,6,0
711,Gourgeist,100,122,1.7,85,50,58,75,54,ghost,39,6,0
712,Bergmite,69,85,1,55,50,32,35,28,ice,99.5,6,0
713,Avalugg,117,184,2,95,50,44,46,28,ice,505,6,0
714,Noibat,30,35,0.5,40,50,45,40,55,flying,8,6,0
715,Noivern,70,80,1.5,85,50,97,80,123,flying,85,6,0
716,Xerneas,131,95,3,126,,131,98,99,fairy,215,6,1
717,Yveltal,131,95,5.8,126,,131,98,99,dark,203,6,1
718,Zygarde,100,121,5,216,,91,95,85,dragon,284.6,6,1
719,Diancie,160,110,0.7,50,,160,110,110,rock,8.8,6,1
720,Hoopa,160,60,,80,,170,130,80,psychic,,6,1
721,Volcanion,110,120,1.7,80,,130,90,70,fire,195,6,1
722,Rowlet,55,55,0.3,68,88.1,50,50,42,grass,1.5,7,0
723,Dartrix,75,75,0.7,78,88.1,70,70,52,grass,16,7,0
724,Decidueye,107,75,1.6,78,88.1,100,100,70,grass,36.6,7,0
725,Litten,65,40,0.4,45,88.1,60,40,70,fire,4.3,7,0
726,Torracat,85,50,0.7,65,88.1,80,50,90,fire,25,7,0
727,Incineroar,115,90,1.8,95,88.1,80,90,60,fire,83,7,0
728,Popplio,54,54,0.4,50,88.1,66,56,40,water,7.5,7,0
729,Brionne,69,69,0.6,60,88.1,91,81,50,water,17.5,7,0
730,Primarina,74,74,1.8,80,88.1,126,116,60,water,44,7,0
731,Pikipek,75,30,0.3,35,50,30,30,65,normal,1.2,7,0
732,Trumbeak,85,50,0.6,55,50,40,50,75,normal,14.8,7,0
733,Toucannon,120,75,1.1,80,50,75,75,60,normal,26,7,0
734,Yungoos,70,30,0.4,48,50,30,30,45,normal,6,7,0
735,Gumshoos,110,60,0.7,88,50,55,60,45,normal,14.2,7,0
736,Grubbin,62,45,0.4,47,50,55,45,46,bug,4.4,7,0
737,Charjabug,82,95,0.5,57,50,55,75,36,bug,10.5,7,0
738,Vikavolt,70,90,1.5,77,50,145,75,43,bug,45,7,0
739,Crabrawler,82,57,0.6,47,50,42,47,63,fighting,7,7,0
740,Crabominable,132,77,1.7,97,50,62,67,43,fighting,180,7,0
741,Oricorio,70,70,0.6,75,24.6,98,70,93,fire,3.4,7,0
742,Cutiefly,45,40,0.1,40,50,55,40,84,bug,0.2,7,0
743,Ribombee,55,60,0.2,60,50,95,70,124,bug,0.5,7,0
744,Rockruff,65,40,0.5,45,50,30,40,60,rock,9.2,7,0
745,Lycanroc,115,75,,85,50,55,75,82,rock,,7,0
746,Wishiwashi,140,130,0.2,45,50,140,135,30,water,0.3,7,0
747,Mareanie,53,62,0.4,50,50,43,52,45,poison,8,7,0
748,Toxapex,63,152,0.7,50,50,53,142,35,poison,14.5,7,0
749,Mudbray,100,70,1,70,50,45,55,45,ground,110,7,0
750,Mudsdale,125,100,2.5,100,50,55,85,35,ground,920,7,0
751,Dewpider,40,52,0.3,38,50,40,72,27,water,4,7,0
752,Araquanid,70,92,1.8,68,50,50,132,42,water,82,7,0
753,Fomantis,55,35,0.3,40,50,50,35,35,grass,1.5,7,0
754,Lurantis,105,90,0.9,70,50,80,90,45,grass,18.5,7,0
755,Morelull,35,55,0.2,40,50,65,75,15,grass,1.5,7,0
756,Shiinotic,45,80,1,60,50,90,100,30,grass,11.5,7,0
757,Salandit,44,40,0.6,48,88.1,71,40,77,poison,4.8,7,0
758,Salazzle,64,60,1.2,68,0,111,60,117,poison,22.2,7,0
759,Stufful,75,50,0.5,70,50,45,50,50,normal,6.8,7,0
760,Bewear,125,80,2.1,120,50,55,60,60,normal,135,7,0
761,Bounsweet,30,38,0.3,42,0,30,38,32,grass,3.2,7,0
762,Steenee,40,48,0.7,52,0,40,48,62,grass,8.2,7,0
763,Tsareena,120,98,1.2,72,0,50,98,72,grass,21.4,7,0
764,Comfey,52,90,0.1,51,24.6,82,110,100,fairy,0.3,7,0
765,Oranguru,60,80,1.5,90,50,90,110,60,normal,76,7,0
766,Passimian,120,90,2,100,50,40,60,80,fighting,82.8,7,0
767,Wimpod,35,40,0.5,25,50,20,30,80,bug,12,7,0
768,Golisopod,125,140,2,75,50,60,90,40,bug,108,7,0
769,Sandygast,55,80,0.5,55,50,70,45,15,ghost,70,7,0
770,Palossand,75,110,1.3,85,50,100,75,35,ghost,250,7,0
771,Pyukumuku,60,130,0.3,55,50,30,130,5,water,1.2,7,0
772,Type: Null,95,95,1.9,95,,95,95,59,normal,120.5,7,0
773,Silvally,95,95,2.3,95,,95,95,95,normal,100.5,7,0
774,Minior,100,60,0.3,60,,100,60,120,rock,40,7,0
775,Komala,115,65,0.4,65,50,75,95,65,normal,19.9,7,0
776,Turtonator,78,135,2,60,50,91,85,36,fire,212,7,0
777,Togedemaru,98,63,0.3,65,50,40,73,96,electric,3.3,7,0
778,Mimikyu,90,80,0.2,55,50,50,105,96,ghost,0.7,7,0
779,Bruxish,105,70,0.9,68,50,70,70,92,water,19,7,0
780,Drampa,60,85,3,78,50,135,91,36,normal,185,7,0
781,Dhelmise,131,100,3.9,70,,86,90,40,ghost,210,7,0
782,Jangmo-o,55,65,0.6,45,50,45,45,45,dragon,29.7,7,0
783,Hakamo-o,75,90,1.2,55,50,65,70,65,dragon,47,7,0
784,Kommo-o,110,125,1.6,75,50,100,105,85,dragon,78.2,7,0
785,Tapu Koko,115,85,1.8,70,,95,75,130,electric,20.5,7,1
786,Tapu Lele,85,75,1.2,70,,130,115,95,psychic,18.6,7,1
787,Tapu Bulu,130,115,1.9,70,,85,95,75,grass,45.5,7,1
788,Tapu Fini,75,115,1.3,70,,95,130,85,water,21.2,7,1
789,Cosmog,29,31,0.2,43,,29,31,37,psychic,0.1,7,1
790,Cosmoem,29,131,0.1,43,,29,131,37,psychic,999.9,7,1
791,Solgaleo,137,107,3.4,137,,113,89,97,psychic,230,7,1
792,Lunala,113,89,4,137,,137,107,97,psychic,120,7,1
793,Nihilego,53,47,1.2,109,,127,131,103,rock,55.5,7,1
794,Buzzwole,139,139,2.4,107,,53,53,79,bug,333.6,7,1
795,Pheromosa,137,37,1.8,71,,137,37,151,bug,25,7,1
796,Xurkitree,89,71,3.8,83,,173,71,83,electric,100,7,1
797,Celesteela,101,103,9.2,97,,107,101,61,steel,999.9,7,1
798,Kartana,181,131,0.3,59,,59,31,109,grass,0.1,7,1
799,Guzzlord,101,53,5.5,223,,97,53,43,dark,888,7,1
800,Necrozma,107,101,2.4,97,,127,89,79,psychic,230,7,1
801,Magearna,95,115,1,80,,130,115,65,steel,80.5,7,1