nacchoid,tobacco,nutrition,state,type,rurality,population,leader.tenure,fte
AK001,0,1,AK,county,urban,301010,1.604380608,156
AK101,0,1,AK,multi-county,rural,418302,1.831622124,187.5
AL004,1,1,AL,county,rural,22506,NA,NA
AL015,1,1,AL,county,rural,15080,5.831622124,10
AL038,1,1,AL,county,urban,660793,4.498288631,NA
AL042,0,1,AL,county,urban,154255,0.7364818454,NA
AL050,1,1,AL,county,urban,415123,25.91649628,437
AL066,1,1,AL,county,urban,202212,NA,NA
AL080,NA,1,AL,county,urban,119607,0.6598220468,44
AR002,1,1,AR,county,rural,20948,20.24093056,NA
AR003,0,1,AR,county,rural,40857,3.244353294,NA
AR004,1,1,AR,county,urban,242321,34.18754196,39.1
AR005,1,1,AR,county,rural,37196,3.712525606,17
AR006,1,1,AR,county,rural,11148,2.584531069,9
AR007,1,1,AR,county,rural,5202,1.00752914,NA
AR008,NA,1,AR,county,rural,27744,0.2381930202,6.5
AR009,1,1,AR,county,rural,11180,NA,NA
AR010,1,1,AR,county,rural,22576,5.916495323,10.75
AR012,1,0,AR,county,rural,25634,11.15948009,NA
AR013,1,1,AR,county,urban,8449,18.95961761,11
AR014,1,0,AR,county,rural,23933,7.244353294,17.5
AR015,1,1,AR,county,rural,21083,5.300478935,5
AR016,1,1,AR,county,urban,102518,12.16153336,34.8
AR017,1,1,AR,county,urban,61697,9.412731171,8
AR018,1,1,AR,county,urban,49548,0.6214921474,7
AR019,1,1,AR,county,rural,17227,2.245037556,NA
AR020,1,1,AR,county,rural,7755,7.408624172,38
AR021,1,1,AR,county,rural,12264,10.20670795,33
AR022,0,1,AR,county,rural,18622,10.48596859,6
AR024,0,1,AR,county,rural,12125,NA,1.4
AR025,1,1,AR,county,urban,97322,0.2381930202,32
AR026,1,1,AR,county,urban,18144,1.831622124,5.5
AR027,1,1,AR,county,rural,43694,0.1615331918,15
AR028,1,1,AR,county,rural,22327,4.848733902,19
AR029,1,1,AR,county,rural,33368,10.24503803,6
AR030,1,1,AR,county,rural,13500,15.24435329,18
AR031,1,1,AR,county,rural,36959,21.54414749,16
AR032,1,1,AR,county,rural,13486,NA,8
AR033,1,1,AR,county,rural,17534,0.2819986343,9
AR034,1,1,AR,county,urban,72297,15.48802185,18
AR036,1,1,AR,county,rural,7111,0.3559206128,4
AR037,NA,NA,AR,county,rural,16931,0.1615331918,10
AR038,1,1,AR,county,rural,9860,9.738534927,13
AR039,1,1,AR,county,rural,13970,1.49760437,8
AR040,1,1,AR,county,rural,12532,NA,NA
AR043,1,1,AR,county,rural,15740,13.74948692,5
AR044,0,0,AR,county,rural,16367,4.665297508,5
AR045,1,1,AR,county,urban,43428,0.7501711249,32
AR046,1,1,AR,county,rural,44235,5.048596859,20
AR047,1,1,AR,county,rural,7582,1.412731051,4
AR049,1,1,AR,county,rural,8723,NA,12.5
AR050,1,1,AR,county,rural,7904,0.2381930202,17
AR051,1,1,AR,county,rural,24828,14.24503803,14
AR052,1,1,AR,county,rural,10245,0.1615331918,2
AR053,1,1,AR,county,rural,19930,0.4134154618,16
AR054,1,1,AR,county,rural,11024,0.7501711249,10
AR055,1,1,AR,county,urban,24246,0.7501711249,16
AR056,1,1,AR,county,rural,20225,0.8323066235,13
AR057,1,1,AR,county,rural,63201,0.6652977467,NA
AR058,1,1,AR,county,rural,8304,2.997946501,1
AR060,0,1,AR,county,rural,17571,1.749486685,5
AR061,1,1,AR,county,urban,115719,4.999315739,18.5
AR062,1,1,AR,county,rural,10693,15.8302536,4
AR063,1,1,AR,county,rural,7929,5.49760437,21
AR064,1,1,AR,county,urban,126776,NA,28
AR065,0,NA,AR,county,rural,17426,0.2381930202,26
AR066,1,1,AR,county,rural,16906,5.749486446,9
AR067,1,1,AR,county,rural,26899,0.7008898258,16.6
AR068,1,1,AR,county,rural,12494,39.29637146,13
AR069,0,1,AR,county,rural,40227,1.434633851,NA
AR070,1,1,AR,county,rural,16851,NA,17.5
AR071,1,0,AR,county,urban,220792,2.663928747,60
AR075,1,1,AR,county,rural,17805,2.245037556,4.5
AR110,1,1,AR,county,rural,21958,3.611225128,17
AR112,1,1,AR,county,urban,392702,NA,97
AZ001,1,1,AZ,county,rural,71828,6.412046432,27
AZ002,1,1,AZ,county,rural,127448,5.49760437,75
AZ003,1,1,AZ,county,urban,137682,2.48049283,80
AZ005,0,1,AZ,county,rural,37957,1.215605736,21
AZ006,1,1,AZ,county,rural,9346,NA,23
AZ007,1,0,AZ,county,rural,20231,22.74880219,19
AZ008,1,1,AZ,county,urban,4087191,9.46475029,662.73
AZ009,1,1,AZ,county,rural,203361,20.31759071,68.35
AZ010,1,1,AZ,county,rural,108101,1.880903482,56
AZ011,1,1,AZ,county,urban,1004516,3.238877535,330
AZ012,1,1,AZ,county,rural,401918,11.66324425,124
AZ014,1,1,AZ,county,urban,218844,2.579055548,195
AZ015,1,1,AZ,county,urban,203247,4.224503994,96
AZ017,1,1,AZ,county,rural,53119,4.736481667,40
BPHC,NA,NA,NA,NA,NA,NA,NA,NA
CA001,NA,NA,NA,NA,NA,NA,NA,NA
CA002,NA,NA,NA,NA,NA,NA,NA,NA
CA003,NA,NA,NA,NA,NA,NA,NA,NA
CA004,1,1,CA,city,urban,118853,0.1615331918,54
CA005,1,1,CA,county,rural,224241,3.077344179,NA
CA006,NA,NA,NA,NA,NA,NA,NA,NA
CA010,1,1,CA,county,rural,183087,2.672142267,76
CA011,1,1,CA,county,urban,965974,NA,338
CA013,1,1,CA,county,rural,134809,NA,240.3
CA016,NA,NA,NA,NA,NA,NA,NA,NA
CA017,NA,NA,NA,NA,NA,NA,NA,NA
CA019,1,1,CA,county,rural,31749,NA,20.5
CA020,1,1,CA,city,urban,473577,2.546201229,NA
CA022,1,1,CA,county,urban,154548,5.700205326,111.5
CA023,NA,NA,NA,NA,NA,NA,NA,NA
CA024,NA,NA,NA,NA,NA,NA,NA,NA
CA025,1,1,CA,county,rural,87869,0.04380561411,NA
CA026,1,1,CA,county,urban,266353,3.764544725,123
CA027,NA,NA,NA,NA,NA,NA,NA,NA
CA029,1,1,CA,county,urban,431344,0.08487337083,861
CA030,NA,NA,NA,NA,NA,NA,NA,NA
CA031,1,1,CA,county,rural,98893,0.3915126622,35.4
CA032,1,1,CA,county,urban,3145515,8.736481667,689.7
CA033,1,1,CA,city,urban,140881,0.5612593889,89.78
CA034,1,1,CA,county,urban,371694,2.250513315,749
CA035,NA,NA,NA,NA,NA,NA,NA,NA
CA036,1,1,CA,county,urban,2329271,0.1615331918,622
CA038,NA,NA,CA,county,rural,58267,NA,25
CA039,1,0,CA,county,urban,2112619,4.019165039,NA
CA040,1,1,CA,county,urban,3263431,9.160848618,485.5
CA041,NA,NA,NA,NA,NA,NA,NA,NA
CA042,1,1,CA,county,urban,715597,1.234770656,220
CA043,1,1,CA,county,urban,279083,7.578371048,175
CA044,NA,NA,NA,NA,NA,NA,NA,NA
CA045,1,1,CA,county,urban,9502247,1.579739928,3740
CA046,1,1,CA,county,urban,1894605,NA,NA
CA047,NA,NA,NA,NA,NA,NA,NA,NA
CA048,1,1,CA,county,urban,179804,3.329226494,75
CA049,1,1,CA,county,rural,3003,1.916495562,7.25
CA051,1,1,CA,county,urban,431131,5.374401093,330
CA052,0,0,CA,county,urban,500292,0.4845995903,535.36
CA053,1,1,CA,county,urban,531997,NA,161
CA054,1,1,CA,county,urban,95847,0.4873374403,67.3
CA055,1,1,CA,county,rural,63067,NA,28
CA056,NA,NA,NA,NA,NA,NA,NA,NA
CA058,1,1,CA,county,urban,458198,2.614647388,313
CA059,1,1,CA,county,rural,53831,NA,28
CA060,1,1,CA,county,urban,846178,3.049965858,307.18
CA062,1,1,CA,county,rural,207590,0.9993155599,50
CA063,1,1,CA,county,urban,73966,0.7173169255,36
CA064,1,1,CA,county,urban,440668,6.045174599,525.91
CO001,1,0,CO,county,rural,16177,1.828884363,70.5
CO003,1,1,CO,county,rural,17626,9.412731171,9
CO004,1,1,CO,county,urban,62138,2.083504438,17.5
CO005,NA,NA,NA,NA,NA,NA,NA,NA
CO006,1,1,CO,county,urban,313333,7.748117924,140.95
CO007,1,1,CO,county,rural,18363,0.6680355668,13
CO009,1,1,CO,county,rural,1871,14.8062973,4.5
CO011,1,0,CO,county,rural,8265,14.74880219,2.5
CO012,1,1,CO,county,rural,3568,26.62559891,32
CO013,1,1,CO,county,rural,786,6.496920109,5.5
CO014,0,1,CO,county,rural,4361,2.245037556,1.8
CO015,1,1,CO,county,rural,29870,32.37508392,12.6
CO017,1,1,CO,county,rural,1978,13.74948692,2
CO018,NA,NA,CO,county,rural,52921,NA,NA
CO019,1,1,CO,county,urban,663519,1.593429208,143
CO023,0,1,CO,county,rural,57461,2.915811062,30
CO024,1,0,CO,county,rural,5851,6.748802185,1
CO025,1,1,CO,county,rural,14546,12.44626999,7.2
CO026,1,1,CO,county,rural,15725,0.9993155599,13.28
CO029,1,1,CO,county,urban,558503,25.99863052,158
CO030,1,1,CO,county,rural,1402,2.707734346,2.43
CO031,1,1,CO,county,rural,8072,0.2464065701,13
CO034,1,0,CO,county,urban,324122,28.48733711,97
CO035,1,1,CO,multi-county,rural,20514,0.5065023899,16.2
CO036,1,1,CO,county,rural,5510,3.997262239,3.8
CO037,1,1,CO,county,urban,148255,5.240246296,77.3
CO038,1,1,CO,county,rural,698,1.579739928,5
CO040,1,1,CO,county,rural,25772,1.916495562,26
CO042,1,1,CO,county,rural,40873,0.6652977467,16.7
CO043,1,1,CO,multi-county,rural,72545,4.413415432,41
CO045,1,1,CO,multi-county,rural,23848,15.66324425,17
CO046,1,1,CO,county,rural,4629,2.729637146,3
CO049,1,1,CO,county,rural,12034,2.707734346,11.4
CO050,1,1,CO,county,urban,161875,0.9856262803,77.48
CO052,1,0,CO,county,rural,11607,1.99863112,5.25
CO054,1,1,CO,county,rural,6196,0.4490075409,19.3
CO055,1,1,CO,multi-county,rural,66233,2.663928747,55
CO056,1,0,CO,county,rural,720,0.9664613008,2.25
CO057,NA,NA,NA,NA,NA,NA,NA,NA
CO058,1,1,CO,county,rural,29404,2.329910994,20.16
CO060,1,1,CO,county,urban,23389,3.915126562,9.2
CO062,1,1,CO,multi-county,urban,1414177,2.461327791,346.52
CO064,1,1,CO,county,urban,277670,16.00821304,88.53
CO074,1,1,CO,county,rural,16345,5.560575008,5.25
CO079,1,1,CO,county,rural,3645,0.5804243684,3
CO085,1,0,CO,county,urban,663862,4.999315739,156
CO086,0,0,CO,county,rural,7357,3.389459372,7
CO087,1,1,CO,county,urban,9187,4.917180061,NA
CT005,NA,NA,NA,NA,NA,NA,NA,NA
CT006,1,1,CT,multi-city,urban,84143,20.81040382,12
CT009,NA,NA,NA,NA,NA,NA,NA,NA
CT011,1,1,CT,multi-city,urban,70146,3.47707057,42
CT012,0,0,CT,city,urban,17055,6.817248344,3.6
CT015,NA,NA,NA,NA,NA,NA,NA,NA
CT021,0,0,CT,city,urban,14113,11.39219666,2.5
CT022,0,0,CT,city,urban,83784,10.91581154,12
CT023,0,0,CT,city,urban,21689,7.57289505,4
CT028,0,1,CT,city,urban,51033,8.993840218,24
CT030,1,1,CT,multi-city,urban,71591,6.140999317,14
CT031,0,0,CT,city,urban,7631,11.74811745,NA
CT032,0,0,CT,city,urban,6612,5.210130215,2
CT033,NA,NA,NA,NA,NA,NA,NA,NA
CT034,0,0,CT,multi-city,urban,108981,3.578371048,12.5
CT037,0,1,CT,city,urban,34754,1.571526408,6
CT038,0,1,CT,city,urban,62610,17.81245804,25
CT041,NA,NA,NA,NA,NA,NA,NA,NA
CT043,NA,NA,NA,NA,NA,NA,NA,NA
"CT043
",NA,NA,NA,NA,NA,NA,NA,NA
CT045,0,0,CT,city,urban,6490,1.957563281,0.6
CT047,1,0,CT,multi-city,urban,121229,1.100615978,18
CT050,0,0,CT,city,urban,18259,20.82135582,1.1
CT051,0,0,CT,city,urban,58106,0.7501711249,8.5
CT052,0,1,CT,multi-city,rural,81095,18.75975418,9.5
CT054,1,1,CT,city,urban,60293,0.6598220468,42
CT057,NA,NA,NA,NA,NA,NA,NA,NA
CT058,0,1,CT,city,urban,53358,1.234770656,35
CT059,NA,NA,NA,NA,NA,NA,NA,NA
CT060,0,1,CT,multi-city,urban,127273,17.92470932,17.56
CT061,NA,NA,NA,NA,NA,NA,NA,NA
CT062,0,0,CT,city,urban,20314,11.74811745,3
CT063,NA,NA,NA,NA,NA,NA,NA,NA
CT064,1,1,CT,city,urban,130282,0.8788501024,NA
CT066,NA,NA,NA,NA,NA,NA,NA,NA
CT068,0,0,CT,multi-city,urban,32028,14.05612564,6.5
CT071,0,0,CT,multi-city,urban,166207,1.330595493,14
CT072,NA,NA,NA,NA,NA,NA,NA,NA
CT073,0,1,CT,city,urban,88145,23.76728249,28
CT075,0,1,CT,multi-city,urban,27917,3.496235371,6.5
CT079,0,0,CT,multi-city,urban,42514,27.49623489,6.6
CT082,0,0,CT,multi-city,urban,99787,24.66529846,10.7
CT083,0,0,CT,city,urban,9309,12.11225224,3
CT084,NA,NA,NA,NA,NA,NA,NA,NA
CT089,NA,NA,NA,NA,NA,NA,NA,NA
CT096,1,1,CT,city,urban,128278,0.3148528337,87
CT098,1,1,CT,city,urban,52734,5.49760437,10
CT102,1,0,CT,multi-city,urban,95759,11.41136169,9.5
CT104,NA,NA,NA,NA,NA,NA,NA,NA
CT106,1,1,CT,city,urban,109307,3.370294333,120
"CT109
",NA,NA,NA,NA,NA,NA,NA,NA
CT110,NA,NA,NA,NA,NA,NA,NA,NA
CT111,NA,NA,NA,NA,NA,NA,NA,NA
CT112,0,0,CT,multi-city,urban,97835,1.50308013,8.5
CT116,1,1,CT,city,urban,29069,3.082819939,6
CT130,1,1,CT,multi-city,urban,61616,4.035592079,8
CT131,1,0,CT,multi-city,urban,71964,NA,9.2
CT132,NA,NA,CT,multi-city,rural,133341,2.748802185,15
CT133,0,0,CT,city,urban,19867,0.4955509901,2.5
CT134,0,0,CT,city,urban,36578,NA,3
DC001,1,1,DC,city,urban,658893,1.177275896,610.6
DE002,1,1,DE,county,urban,552778,0.8350445032,117.5
DE003,0,0,DE,multi-county,rural,382836,4.265571594,150
Fairhaven,NA,NA,NA,NA,NA,NA,NA,NA
FL001,0,1,FL,county,urban,897698,2.880218983,507.9
FL002,1,1,FL,county,urban,256380,4.396988392,NA
FL003,1,1,FL,county,rural,27093,25.08418846,NA
FL004,1,1,FL,county,urban,178985,5.995893002,220
FL005,1,1,FL,county,rural,26702,2.852840424,35
FL006,1,1,FL,county,urban,556885,0.3312799335,220
FL007,1,1,FL,county,urban,1869235,7.978096962,563
FL009,1,1,FL,county,urban,168474,0.3312799335,65.5
FL010,1,1,FL,county,rural,139377,0.2847364843,76.15
FL011,1,1,FL,county,urban,199798,0.3340177834,76
FL012,1,1,FL,county,urban,348777,1.932922602,173
FL013,0,0,FL,county,rural,67857,3.244353294,NA
FL014,1,1,FL,county,urban,2662874,8.243668556,783.85
FL015,1,1,FL,county,rural,35012,11.43874073,66
FL017,1,1,FL,county,urban,310659,19.87679672,227
FL018,0,1,FL,county,rural,102408,0.7501711249,48
FL019,NA,NA,FL,county,rural,11815,3.748117685,34
FL020,1,1,FL,county,rural,46281,0.648870647,52.5
FL021,0,1,FL,county,rural,16997,2.836413383,14.13
FL022,1,1,FL,county,rural,15944,5.286789894,35.2
FL023,0,1,FL,county,rural,14048,3.244353294,23
FL024,1,1,FL,county,rural,27469,0.5804243684,28
FL025,1,1,FL,county,rural,38505,0.3093771338,73
FL026,1,1,FL,county,urban,175855,3.299110174,116
FL027,1,1,FL,county,rural,98236,3.581108809,63
FL028,1,1,FL,county,urban,1316298,19.66324425,405
FL029,1,1,FL,county,rural,19650,1.727583885,35
FL030,1,1,FL,county,urban,144755,8.892539024,110
FL032,1,1,FL,county,rural,14050,0.2464065701,23.65
FL033,0,0,FL,county,rural,8835,1.062286139,8
FL034,1,1,FL,county,urban,315690,NA,125
FL035,1,1,FL,county,urban,679513,0.443531841,254
FL036,1,1,FL,county,urban,283988,1.826146483,168
FL037,0,1,FL,county,urban,39613,9.850787163,30.2
FL039,1,1,FL,county,rural,18518,0.2464065701,21.15
FL040,1,1,FL,county,urban,351746,6.642025948,112.2
FL041,0,1,FL,county,urban,339167,NA,NA
FL042,0,1,FL,county,urban,153392,4.722792625,86
FL043,1,1,FL,county,rural,77136,NA,65
FL044,1,1,FL,county,rural,76619,19.24435234,NA
FL045,1,1,FL,county,urban,196512,16.28199768,94.65
FL046,1,1,FL,county,rural,39149,0.5503079891,33
FL047,1,1,FL,county,urban,1253001,0.859685123,512
FL048,1,1,FL,county,urban,310211,8.087611198,NA
FL049,1,1,FL,county,urban,1397710,6.663928986,702
FL050,1,1,FL,county,urban,485331,3.318275213,175
FL051,NA,NA,FL,county,urban,938098,0.5804243684,722
FL052,1,1,FL,county,rural,634638,0.5804243684,363
FL053,1,1,FL,county,rural,72143,2.852840424,NA
FL054,1,1,FL,county,urban,163422,6.329911232,63.3
FL055,1,1,FL,county,urban,396962,4.539356709,439
FL056,1,1,FL,county,urban,442516,2.989732981,140
FL057,0,1,FL,county,urban,217919,11.997262,51
FL058,1,1,FL,county,urban,291028,NA,NA
FL060,1,1,FL,county,rural,44022,1.062286139,28
FL061,1,1,FL,county,rural,22582,2.891170502,23
FL062,1,1,FL,county,rural,15190,2.852840424,75
FL063,1,1,FL,county,urban,507531,0.9993155599,240
FL064,1,1,FL,county,urban,31432,3.216974735,28
FL065,1,1,FL,county,rural,61530,4.232717514,86.5
FL066,1,1,FL,county,rural,24451,1.727583885,34
FL069,1,1,FL,county,rural,13635,NA,7
GA048,1,NA,GA,multi-county,urban,647774,21.96030045,315.75
GA071,NA,NA,NA,NA,NA,NA,NA,NA
GA078,NA,NA,NA,NA,NA,NA,NA,NA
GA132,1,1,GA,multi-county,rural,151935,18.24230003,135.5
GA169,1,1,GA,multi-county,urban,661659,10.11909676,326
GA171,1,1,GA,multi-county,rural,825070,2.584531069,150
GA172,1,1,GA,multi-county,urban,456516,0.7501711249,282
GA173,1,1,GA,multi-county,urban,869757,NA,290
GA176,1,1,GA,multi-county,urban,525486,7.830253124,289
GA178,1,1,GA,multi-county,urban,377661,NA,163.4
"GA178
",NA,NA,NA,NA,NA,NA,NA,NA
GA179,1,1,GA,multi-county,urban,254656,5.330595493,40
GA180,1,1,GA,multi-county,urban,603435,NA,334
GA181,1,1,GA,multi-county,rural,364693,10.71047211,259
GA182,1,1,GA,multi-county,urban,475625,31.24435234,250
IA001,0,1,IA,county,rural,7454,13.89733028,10
IA002,NA,NA,NA,NA,NA,NA,NA,NA
IA003,0,1,IA,county,rural,14038,14.32991123,17.5
IA006,0,0,IA,county,rural,5794,24.20807648,5.7
IA009,0,1,IA,county,urban,132897,0.1040383279,86.21
IA010,0,0,IA,county,rural,26433,2.255989075,1
IA011,NA,NA,NA,NA,NA,NA,NA,NA
IA012,0,0,IA,county,rural,21038,23.8302536,5.1
IA013,0,1,IA,county,rural,20578,8.440793991,13
IA014,1,0,IA,county,rural,15006,8.142368317,15.5
IA015,1,1,IA,county,rural,9866,26.91581154,14.2
IA018,1,1,IA,county,rural,18411,3.074606419,19
IA020,1,1,IA,county,rural,43254,NA,38.7
IA022,1,0,IA,county,rural,12264,10.01505852,14
IA023,0,0,IA,county,rural,9217,0.1806981564,3
IA024,1,1,IA,county,rural,16515,0.5804243684,2.5
IA026,0,1,IA,county,rural,48051,8.142368317,18
IA027,0,0,IA,city,urban,62245,18.99794579,25
IA028,1,1,IA,county,urban,20454,0.5804243684,0.5
IA030,NA,NA,NA,NA,NA,NA,NA,NA
IA031,1,1,IA,county,urban,77400,2.483230591,20
IA033,1,1,IA,county,rural,8263,13.40999317,7.25
IA034,0,0,IA,county,rural,17398,6.496920109,4.6
IA036,0,0,IA,county,rural,40255,40.2436676,NA
IA037,NA,NA,NA,NA,NA,NA,NA,NA
IA038,0,0,IA,city,urban,58436,26.58179283,5.58
IA040,0,0,IA,county,urban,96370,5.661875248,2
IA041,0,0,IA,county,rural,15609,0.3312799335,NA
IA042,0,0,IA,county,rural,9990,7.630390167,7
IA046,1,1,IA,county,rural,36955,7.578371048,34
IA047,NA,NA,NA,NA,NA,NA,NA,NA
IA049,NA,NA,NA,NA,NA,NA,NA,NA
IA050,1,0,IA,county,rural,12375,NA,NA
IA052,1,0,IA,county,rural,11027,3.00889802,2
IA053,1,1,IA,county,rural,17311,1.694729686,20.2
IA057,1,1,IA,county,rural,9640,5.631759167,6.5
IA058,NA,NA,NA,NA,NA,NA,NA,NA
IA062,NA,NA,NA,NA,NA,NA,NA,NA
IA064,1,1,IA,county,urban,142287,8.240930557,37
IA066,NA,NA,NA,NA,NA,NA,NA,NA
IA067,NA,NA,NA,NA,NA,NA,NA,NA
IA069,1,1,IA,county,urban,217751,3.96988368,50.3
IA070,0,0,IA,county,rural,11161,3.299110174,NA
IA071,NA,NA,NA,NA,NA,NA,NA,NA
IA072,1,1,IA,county,rural,11683,0.9993155599,11
IA074,NA,NA,NA,NA,NA,NA,NA,NA
IA075,NA,NA,NA,NA,NA,NA,NA,NA
IA077,1,1,IA,county,rural,14831,16.58589935,16.5
IA079,0,1,IA,county,rural,8996,1.368925452,6
IA080,0,1,IA,county,rural,8001,1.522245049,8.25
IA082,0,0,IA,county,rural,42903,8,22.13
IA084,NA,NA,NA,NA,NA,NA,NA,NA
IA087,1,0,IA,county,rural,15496,1.579739928,3
IA088,0,0,IA,county,rural,9099,10.66392899,10.5
IA090,0,0,IA,county,rural,7138,0.8323066235,3
IA092,0,0,IA,county,urban,459862,3.624914408,39
IA093,0,1,IA,county,urban,93128,8.498289108,14.5
IA095,NA,NA,NA,NA,NA,NA,NA,NA
IA096,NA,NA,NA,NA,NA,NA,NA,NA
IA098,1,0,IA,county,urban,171387,5.585215569,NA
IA100,1,1,IA,county,rural,34681,8.082135201,8.6
IA101,1,1,IA,county,urban,102271,5.245722294,64.3
IA102,NA,NA,NA,NA,NA,NA,NA,NA
IA103,NA,NA,NA,NA,NA,NA,NA,NA
IA104,0,0,IA,county,rural,6143,4.054757118,12.05
IA107,NA,NA,NA,NA,NA,NA,NA,NA
IA108,0,0,IA,county,rural,22070,3.036276579,21.1
IA109,NA,NA,NA,NA,NA,NA,NA,NA
IA111,1,1,IA,county,rural,10559,10.41204643,19.5
IA112,0,1,IA,county,rural,20768,12.66529751,11.9
IA114,1,0,IA,county,rural,7624,15.74811745,13
IA115,1,0,IA,county,rural,12840,0.1779603064,29.83
IA116,1,1,IA,county,rural,15117,8.648870468,17
IA119,NA,NA,NA,NA,NA,NA,NA,NA
IA120,NA,NA,NA,NA,NA,NA,NA,NA
IA121,NA,NA,NA,NA,NA,NA,NA,NA
IA123,0,NA,IA,county,rural,7022,1.620807648,10
IA124,0,1,IA,county,rural,20562,3.915126562,4.5
IA125,0,0,IA,county,urban,24721,NA,NA
IA126,0,0,IA,county,rural,40866,9.160848618,1
IA127,NA,NA,NA,NA,NA,NA,NA,NA
IA128,NA,NA,NA,NA,NA,NA,NA,NA
IA129,NA,NA,NA,NA,NA,NA,NA,NA
IA130,1,0,IA,county,rural,11948,2.49691987,4
IA131,1,1,IA,county,rural,47956,10.43942547,21.5
IA139,0,0,IA,county,rural,36872,0.123203285,11
ID001,1,1,ID,multi-county,urban,468980,10.43394947,127
ID002,1,1,ID,multi-county,urban,209623,3.082819939,87
ID003,1,1,ID,multi-county,urban,107033,24.24640656,NA
ID004,1,1,ID,multi-county,urban,221398,5.579740047,110.8
ID005,1,1,ID,multi-county,urban,268080,0.3340177834,NA
ID006,1,1,ID,multi-county,rural,190496,9.412731171,87
ID007,1,1,ID,multi-county,urban,168854,4.991102219,76.62
IL001,1,1,IL,county,rural,66988,3.578371048,38.1
IL002,1,1,IL,county,rural,17269,2.748802185,NA
IL003,1,1,IL,county,urban,53869,4.358658314,17
IL006,1,1,IL,county,rural,4956,9.831622124,10
IL007,1,NA,IL,county,rural,13156,13.90554428,NA
IL008,1,1,IL,multi-ciy,urban,126557,8.878849983,98
IL009,0,1,IL,city,urban,2722389,0.2464065701,536
IL010,1,1,IL,county,rural,33892,NA,11
IL011,NA,NA,IL,county,rural,13520,24.52840614,44
IL012,1,1,IL,county,rural,53320,1.664613247,21
IL013,1,1,IL,county,urban,2324471,3.101984978,201.5
IL014,1,1,IL,county,rural,10833,3.488021851,7
IL015,1,1,IL,county,urban,105462,4.750171185,41.05
IL017,NA,NA,NA,NA,NA,NA,NA,NA
IL018,1,1,IL,county,urban,932708,2.143737078,NA
IL019,1,1,IL,multi-city,urban,61712,12.19986343,48
IL020,1,1,IL,county,rural,34320,2.083504438,14.4
IL021,1,1,IL,multi-county,rural,44277,10.76796722,NA
IL022,1,0,IL,city,urban,75658,8.246406555,33
IL023,1,1,IL,county,rural,21870,8.229979515,29
IL025,NA,NA,NA,NA,NA,NA,NA,NA
IL027,1,0,IL,county,rural,13434,16.24640656,19
IL028,1,1,IL,county,rural,50425,2.633812428,29.6
IL029,1,1,IL,county,rural,8296,9.160848618,3.4
IL030,1,1,IL,county,rural,18564,2.565366268,28
IL032,1,1,IL,county,rural,49635,1.99863112,121.5
IL033,1,1,IL,county,rural,59677,18.74880219,51.07
IL034,1,1,IL,county,rural,9623,4.917180061,26.6
IL035,NA,NA,NA,NA,NA,NA,NA,NA
IL036,1,1,IL,county,rural,22571,23.9151268,25.4
IL037,0,1,IL,county,rural,22254,0.8624230027,11
IL038,1,1,IL,county,urban,527306,3.830253363,64
IL039,1,1,IL,county,urban,111375,16.08213615,32.4
IL040,1,1,IL,county,urban,121350,4.079397678,49.3
IL041,NA,NA,NA,NA,NA,NA,NA,NA
IL042,1,NA,IL,county,rural,111241,14.74880219,33
IL043,1,1,IL,county,urban,705186,2.902121782,760.61
IL044,NA,NA,NA,NA,NA,NA,NA,NA
IL045,1,1,IL,county,rural,34735,12.77207375,19.5
IL046,1,0,IL,county,rural,37903,19.9151268,33
IL047,NA,NA,IL,county,rural,29746,1.579739928,NA
IL048,1,1,IL,county,urban,108350,1.50308013,NA
IL049,1,1,IL,county,rural,46453,25.83162308,68
IL050,1,1,IL,county,urban,187319,0.2080766559,71.7
IL052,NA,NA,NA,NA,NA,NA,NA,NA
IL053,1,1,IL,county,urban,307283,1.483915091,114.69
IL054,1,1,IL,county,urban,174061,6.852840424,90
IL056,1,1,IL,county,rural,15945,6.748802185,16.38
IL057,1,0,IL,multi-county,rural,32869,25.28678894,10.7
IL058,NA,NA,NA,NA,NA,NA,NA,NA
IL059,NA,NA,NA,NA,NA,NA,NA,NA
IL060,NA,NA,NA,NA,NA,NA,NA,NA
IL061,0,1,IL,county,rural,52085,1.845311403,9.21
IL062,0,0,IL,county,rural,16180,12.01916504,8.3
IL063,NA,NA,NA,NA,NA,NA,NA,NA
IL064,1,1,IL,county,rural,14715,11.19233418,6
IL065,1,1,IL,county,rural,16022,12.9418211,26.7
IL067,1,1,IL,county,urban,146063,1.185489416,49.87
IL068,NA,NA,NA,NA,NA,NA,NA,NA
IL069,1,1,IL,county,rural,7330,3.578371048,3.5
IL070,1,0,IL,county,rural,22048,20.45995903,13.75
IL072,1,1,IL,city,urban,65112,7.156742096,16.4
IL073,1,1,IL,multi-county,rural,66665,15.74811745,36
IL075,1,1,IL,county,urban,204017,0.7501711249,62
IL077,NA,NA,NA,NA,NA,NA,NA,NA
IL078,0,1,IL,city,urban,6818,7.748117924,37
IL079,1,1,IL,county,urban,135707,10.74880219,89.89
IL080,0,1,IL,county,urban,79728,2.075290918,24.9
IL081,1,1,IL,county,rural,11549,12.83230686,24
IL082,1,1,IL,county,rural,16543,9.160848618,10.2
IL083,1,1,IL,county,rural,56876,14.74880219,114.5
IL084,1,1,IL,county,urban,685419,0.1615331918,315
IL085,NA,NA,NA,NA,NA,NA,NA,NA
IL086,NA,NA,IL,county,rural,39187,1.078713179,9.32
IL087,0,0,IL,county,rural,37857,1.577002048,10
IL088,1,1,IL,county,rural,19393,18.87474251,13.5
IL089,1,1,IL,county,rural,17841,4.246406555,17
IL090,1,0,IL,county,urban,266560,12.74469566,37
IL091,1,0,IL,county,rural,38571,15.24435329,21.75
IL093,1,1,IL,county,rural,14337,22.020534519999998,7.3
IL094,NA,NA,NA,NA,NA,NA,NA,NA
IL103,1,1,IL,county,rural,17874,9.242983818,6.5
IL105,1,1,IL,county,urban,33722,4.750171185,7
IL109,1,0,IL,county,rural,13688,1.749486685,7
IL110,1,0,IL,county,rural,28879,1.749486685,13
IN001,NA,NA,NA,NA,NA,NA,NA,NA
IN002,1,0,IN,county,urban,365918,16.24640656,NA
IN003,0,1,IN,county,urban,80217,12.24640656,22
IN005,0,1,IN,county,rural,12401,4.246406555,NA
IN006,1,0,IN,county,rural,61915,5.136208057,13
IN007,1,1,IN,county,rural,14962,2.286105394,7
IN010,1,0,IN,county,urban,114262,25.83162308,24.5
IN011,NA,NA,NA,NA,NA,NA,NA,NA
IN012,0,0,IN,county,rural,32776,0.3531827629,5
IN014,0,0,IN,county,rural,32729,6.997946739,6
IN015,NA,NA,NA,NA,NA,NA,NA,NA
IN016,0,0,IN,county,rural,49506,1.245722055,8
IN017,1,1,IN,county,rural,26524,15.55099201,6.2
IN018,NA,NA,NA,NA,NA,NA,NA,NA
IN019,0,0,IN,county,rural,42345,14.83093739,13.6
IN020,0,0,IN,city,urban,28990,0.4654346406,10
IN021,1,1,IN,county,urban,201971,6.639287949,80
IN025,NA,NA,NA,NA,NA,NA,NA,NA
IN027,1,0,IN,city,urban,77909,9.489390373,21
IN030,0,0,IN,county,rural,32726,NA,6
IN031,NA,NA,NA,NA,NA,NA,NA,NA
IN035,0,0,IN,county,urban,156056,1.47022593,20
IN036,0,0,IN,county,rural,48995,13.24845982,9
IN037,0,0,IN,county,urban,82982,8.087611198,15
IN039,1,0,IN,county,rural,43705,0.2464065701,10
IN041,0,1,IN,county,rural,21179,3.244353294,7
IN042,NA,NA,NA,NA,NA,NA,NA,NA
IN043,NA,NA,IN,county,rural,28000,NA,NA
IN044,1,1,IN,county,urban,147538,28.24640656,14
IN046,NA,NA,NA,NA,NA,NA,NA,NA
IN047,0,1,IN,county,rural,38436,24.24640656,8
IN049,NA,NA,NA,NA,NA,NA,NA,NA
IN052,1,1,IN,county,urban,130069,30.25598907,19
IN053,1,1,IN,county,urban,934243,21.24572182,NA
IN057,1,0,IN,county,urban,143339,8.219028473,21
IN058,0,0,IN,county,rural,38146,3.526351929,7.5
IN059,NA,NA,IN,county,rural,69693,NA,NA
IN064,NA,NA,NA,NA,NA,NA,NA,NA
IN065,NA,NA,NA,NA,NA,NA,NA,NA
IN071,0,1,IN,county,rural,37618,2.154688597,6.5
IN072,NA,NA,NA,NA,NA,NA,NA,NA
IN073,1,0,IN,county,rural,28497,1.587953448,NA
IN075,1,0,IN,county,rural,23712,20.59137535,7
IN076,0,0,IN,county,rural,44579,4.194387436,8
IN078,0,1,IN,county,urban,267618,0.4490075409,48
IN080,0,0,IN,county,rural,34308,2.913073301,8.5
IN081,NA,NA,NA,NA,NA,NA,NA,NA
IN082,NA,NA,IN,county,rural,10452,NA,NA
IN083,0,1,IN,county,urban,183074,1.875427842,19
IN084,NA,NA,NA,NA,NA,NA,NA,NA
IN086,1,1,IN,county,urban,182006,2.0205338,47.9
IN087,0,0,IN,county,rural,15693,27.24435234,6
IN088,1,1,IN,county,urban,108175,10.220397,25
IN093,0,0,IN,county,rural,27862,5.916495323,6
IN095,NA,NA,NA,NA,NA,NA,NA,NA
KS001,0,1,KS,county,rural,4897,3.830253363,6
KS002,1,1,KS,county,rural,27385,1.634496927,17
KS003,1,1,KS,county,rural,66227,4.780287266,14
KS004,NA,NA,NA,NA,NA,NA,NA,NA
KS006,NA,NA,NA,NA,NA,NA,NA,NA
KS007,1,1,KS,county,rural,2693,7.567419529,1.5
KS008,0,0,KS,county,rural,2144,16.83230591,1
KS009,1,1,KS,county,rural,8317,18.67761803,5.3
KS011,1,0,KS,county,rural,8433,9.160848618,6.2
KS012,1,1,KS,county,rural,1954,0.9171800017,2
KS013,1,1,KS,county,rural,35963,0.6652977467,19
KS014,NA,NA,NA,NA,NA,NA,NA,NA
"KS014
",NA,NA,NA,NA,NA,NA,NA,NA
KS015,0,0,KS,county,rural,2908,NA,2
KS016,NA,NA,NA,NA,NA,NA,NA,NA
KS017,NA,NA,NA,NA,NA,NA,NA,NA
KS018,NA,NA,NA,NA,NA,NA,NA,NA
KS019,1,0,KS,county,rural,2694,18.45311356,1.5
KS020,1,1,KS,county,rural,29013,21.99863052,6.75
KS021,1,1,KS,county,rural,6392,10.74880219,5.1
KS022,1,1,KS,county,rural,37184,0.7939767241,27
KS023,NA,NA,NA,NA,NA,NA,NA,NA
KS024,1,1,KS,county,rural,25611,8.123203278,8.25
KS025,1,1,KS,county,rural,2727,17.24572182,3.2
KS026,NA,NA,NA,NA,NA,NA,NA,NA
KS027,NA,NA,NA,NA,NA,NA,NA,NA
KS028,NA,NA,NA,NA,NA,NA,NA,NA
KS029,NA,NA,KS,county,rural,1301,11.57837105,2
KS030,NA,NA,NA,NA,NA,NA,NA,NA
KS031,1,1,KS,county,rural,5818,12.0793972,17
KS032,1,1,KS,county,rural,34820,3.496235371,13.5
KS033,1,1,KS,county,rural,1916,21.66461372,4
KS034,1,1,KS,county,urban,18855,4.832306862,9
KS035,1,1,KS,county,rural,3043,5.831622124,6.25
KS036,1,1,KS,county,urban,574272,6.984257221,135
KS037,1,1,KS,county,rural,36713,NA,NA
KS039,NA,NA,NA,NA,NA,NA,NA,NA
KS040,0,1,KS,county,rural,2513,29.66461372,3
KS041,1,1,KS,county,rural,20960,14.49691963,6
KS042,NA,NA,NA,NA,NA,NA,NA,NA
KS043,1,1,KS,county,urban,116585,9.204654694,40.3
KS044,1,1,KS,county,rural,78797,6.329911232,18
KS045,0,1,KS,county,rural,23465,10.66392899,17.89
KS046,1,1,KS,county,rural,3167,14.49691963,4.4
KS047,NA,NA,KS,county,rural,2794,0.7501711249,5.5
KS048,NA,NA,NA,NA,NA,NA,NA,NA
KS049,NA,NA,KS,county,rural,12208,11.9096508,3.75
KS050,1,1,KS,county,rural,10006,12.75017071,7
KS051,NA,NA,NA,NA,NA,NA,NA,NA
KS052,1,1,KS,county,rural,4357,7.709787846,5.2
KS053,1,1,KS,county,rural,32822,30.49691963,7
KS054,1,1,KS,county,rural,6284,1.733059525,9
KS055,1,1,KS,county,rural,34065,NA,10.5
KS056,1,1,KS,county,rural,5698,0.8323066235,5
KS057,1,1,KS,county,rural,3110,7.832991123,4
KS059,1,1,KS,county,rural,10148,11.997262,4
KS060,NA,NA,NA,NA,NA,NA,NA,NA
KS061,NA,NA,NA,NA,NA,NA,NA,NA
KS062,1,NA,KS,county,rural,5560,0.4572210908,6.5
KS063,NA,NA,NA,NA,NA,NA,NA,NA
KS064,0,1,KS,county,rural,3756,23.24435234,2.5
KS066,NA,1,KS,county,rural,6328,0.6351813674,3
KS067,1,1,KS,county,rural,6916,1.062286139,4.5
KS068,NA,NA,NA,NA,NA,NA,NA,NA
KS069,1,1,KS,county,rural,22897,NA,11
KS070,0,1,KS,county,rural,9850,23.2416153,5
KS071,NA,NA,NA,NA,NA,NA,NA,NA
KS072,1,1,KS,county,rural,63794,1.051334739,46
KS073,1,1,KS,county,rural,4803,0.9281314015,7
KS074,NA,NA,NA,NA,NA,NA,NA,NA
KS075,0,0,KS,county,rural,75194,0.2956878841,37.5
KS076,1,1,KS,county,rural,5155,NA,6
KS077,0,0,KS,county,rural,3197,21.41273117,3
KS078,1,1,KS,county,rural,6956,14.24503803,4
KS080,1,1,KS,county,rural,55755,0.3723477125,35
KS081,0,1,KS,county,rural,5080,0.7501711249,7.5
KS082,1,1,KS,county,rural,2539,1.330595493,2
KS083,0,1,KS,county,rural,6110,4.238193035,6
KS084,1,1,KS,county,rural,3769,5.486652851,7
KS085,NA,NA,NA,NA,NA,NA,NA,NA
KS086,0,1,KS,county,rural,2111,1.292265534,3
KS087,NA,NA,NA,NA,NA,NA,NA,NA
KS088,1,1,KS,county,rural,7891,0.6652977467,5.5
KS089,1,1,KS,county,urban,178406,4.97193718,NA
KS090,1,1,KS,county,rural,2902,1.215605736,3.5
KS091,1,1,KS,county,rural,7022,25.56878853,NA
KS092,0,1,KS,county,rural,1506,NA,1.5
KS093,1,1,KS,county,rural,5598,0.2464065701,6
KS095,0,0,KS,county,urban,508803,1.916495562,144
KS096,1,1,KS,county,rural,9028,8.821354866,7
KS098,1,1,KS,county,urban,161636,0.9390828013,88
KS099,1,0,KS,county,rural,4106,7.310061455,4.25
KS104,1,1,KS,county,rural,9502,4.246406555,4.5
KS106,1,1,KS,multi-county,rural,39867,1.793292284,13
KS107,1,1,KS,multi-county,rural,38721,1.045858979,12
KS200,NA,NA,NA,NA,NA,NA,NA,NA
KY001,NA,NA,NA,NA,NA,NA,NA,NA
KY002,0,1,KY,multi-county,urban,261776,13.07871342,198.25
KY003,1,1,KY,county,rural,19972,3.457905531,13
KY004,1,1,KY,county,rural,29706,4.695414066,13
KY005,1,0,KY,county,rural,13409,24.00273705,39
KY006,1,1,KY,multi-county,rural,19363,7.635865688,21
KY007,1,1,KY,county,urban,77955,2.99247098,28
KY008,1,1,KY,county,rural,74250,8.13415432,40
KY009,1,1,KY,county,rural,35758,10.44490051,55
KY010,1,1,KY,multi-county,rural,51262,0.5804243684,92
KY012,1,1,KY,county,urban,48832,9.774127007,31
KY013,1,1,KY,county,rural,14545,14.41204643,10
KY014,1,1,KY,county,rural,38108,15.74811745,35
KY015,1,1,KY,county,rural,49880,1.924709082,64
KY016,NA,NA,NA,NA,NA,NA,NA,NA
KY017,NA,NA,NA,NA,NA,NA,NA,NA
KY018,1,1,KY,county,urban,36308,7.904175282,26
KY020,1,1,KY,county,rural,46376,2.767967224,49
KY021,1,1,KY,county,urban,50815,3.660506487,27
KY022,1,1,KY,county,rural,23262,1.694729686,35.5
KY023,NA,NA,NA,NA,NA,NA,NA,NA
KY024,1,1,KY,county,rural,31798,1.464750171,54.5
KY025,1,1,KY,multi-county,rural,208253,15.22518826,166
KY026,NA,NA,NA,NA,NA,NA,NA,NA
KY028,1,1,KY,county,urban,310797,5.081450939,149
KY029,1,1,KY,county,rural,24445,11.66324425,12
KY031,1,1,KY,multi-county,rural,34895,0.8514716029,15
KY032,1,1,KY,county,urban,760026,1.204654336,NA
KY033,NA,NA,NA,NA,NA,NA,NA,NA
KY035,1,1,KY,county,rural,30953,1.464750171,33
KY037,1,1,KY,county,rural,10704,2.127310038,8
KY038,1,1,KY,county,rural,31207,3.663244247,21
KY040,1,1,KY,multi-county,urban,407050,5.563313007,NA
KY041,1,1,KY,county,urban,63490,6.55989027,21
KY042,NA,NA,KY,multi-county,rural,53880,3.342915773,46.5
KY043,NA,NA,NA,NA,NA,NA,NA,NA
KY045,1,1,KY,multi-county,rural,89533,4.810403824,67
KY047,1,1,KY,multi-county,rural,44542,11.81382656,60
KY048,1,1,KY,county,rural,12520,5.94934988,15
KY049,1,1,KY,multi-county,rural,76917,8.59411335,85
KY051,1,1,KY,county,rural,35503,1.311430573,63
KY052,1,1,KY,county,rural,25563,7.099246979,14
KY053,1,1,KY,county,rural,27474,19.8247776,33.5
KY054,NA,NA,NA,NA,NA,NA,NA,NA
KY056,1,1,KY,county,urban,8406,8.473648071,8
KY057,1,1,KY,county,rural,21319,8.167009354,14
KY058,1,1,KY,county,rural,16858,15.08281994,9.63
KY060,1,0,KY,county,rural,19888,3.085557938,12
KY071,1,1,KY,county,rural,27778,2.392881632,32
KY073,1,1,KY,county,rural,28163,2.767967224,26
KY077,1,1,KY,county,rural,15804,2.116358757,23.25
KY107,1,1,KY,county,rural,26194,2.748802185,13
KY133,1,1,KY,county,rural,37618,5.749486446,33.5
LA016,NA,NA,NA,NA,NA,NA,NA,NA
LA017,1,1,LA,multi-county,urban,679108,3.244353294,75
LA018,1,0,LA,multi-county,urban,308348,NA,83
LA019,1,1,LA,multi-county,urban,565534,5.240246296,118
LA021,NA,NA,NA,NA,NA,NA,NA,NA
LA024,1,1,LA,multi-county,urban,297271,14.16290188,96
LA038,0,1,LA,multi-county,urban,405672,1.037645459,82
LA045,NA,NA,NA,NA,NA,NA,NA,NA
MA005,0,0,MA,city,urban,28772,NA,11.5
MA007,NA,NA,NA,NA,NA,NA,NA,NA
MA008,0,0,MA,city,rural,39774,6.329911232,2.75
MA009,1,0,MA,city,urban,35085,10.16016388,6.6
MA010,1,1,MA,city,urban,44461,9.744010925,23.96
MA012,0,0,MA,city,rural,11621,4.750171185,2
MA013,NA,NA,NA,NA,NA,NA,NA,NA
MA014,NA,NA,NA,NA,NA,NA,NA,NA
MA015,0,0,MA,city,urban,4464,3.802874804,1
MA016,1,0,MA,county,urban,214914,NA,NA
MA017,1,0,MA,city,urban,44529,27.77823448,11.92
MA020,1,1,MA,city,urban,14205,5.048596859,4
MA022,0,0,MA,city,urban,25496,1.245722055,5.5
MA027,NA,NA,NA,NA,NA,NA,NA,NA
MA030,1,1,MA,city,urban,655884,0.1615331918,972
MA032,NA,NA,NA,NA,NA,NA,NA,NA
"MA034
",NA,NA,NA,NA,NA,NA,NA,NA
MA035,NA,NA,MA,city,urban,9954,35.13757706,3
MA036,0,0,MA,city,urban,27472,4.832306862,2
MA038,1,0,MA,city,urban,94779,25.51676941,11
MA040,NA,NA,NA,NA,NA,NA,NA,NA
MA042,0,0,MA,city,urban,25683,3.748117685,5
MA043,1,1,MA,city,urban,109694,8.996577263,47
MA049,NA,NA,NA,NA,NA,NA,NA,NA
MA050,1,0,MA,city,urban,34960,35.73168945,4.4
MA051,1,1,MA,city,urban,38861,15.80287457,21
MA055,NA,NA,NA,NA,NA,NA,NA,NA
MA056,NA,NA,NA,NA,NA,NA,NA,NA
MA057,1,0,MA,city,urban,44231,0.7501711249,7
MA058,1,0,MA,city,urban,17926,NA,3.9
MA061,1,1,MA,city,urban,8334,0.8323066235,NA
MA062,0,0,MA,city,rural,1656,NA,NA
MA063,NA,NA,NA,NA,NA,NA,NA,NA
MA067,1,0,MA,city,urban,27460,24.99931526,4
MA068,0,0,MA,city,urban,34415,1.579739928,8
MA069,NA,NA,NA,NA,NA,NA,NA,NA
MA071,0,0,MA,city,urban,14037,11.98083496,6.7
MA072,NA,NA,NA,NA,NA,NA,NA,NA
MA075,NA,NA,NA,NA,NA,NA,NA,NA
MA077,NA,NA,NA,NA,NA,NA,NA,NA
MA079,NA,NA,MA,city,urban,15384,10.24503803,2
MA080,NA,NA,NA,NA,NA,NA,NA,NA
MA082,1,0,MA,city,urban,16123,0.2162902057,1.5
MA085,1,0,MA,city,urban,16036,5.160848618,1.6
MA086,NA,NA,NA,NA,NA,NA,NA,NA
MA087,NA,NA,NA,NA,NA,NA,NA,NA
MA089,0,0,MA,city,urban,3637,0.602327168,2
MA093,1,1,MA,city,urban,40445,8.246406555,9.5
MA095,NA,NA,NA,NA,NA,NA,NA,NA
MA097,NA,NA,NA,NA,NA,NA,NA,NA
MA098,NA,NA,NA,NA,NA,NA,NA,NA
MA100,NA,NA,MA,city,urban,20381,15.45516777,5
MA101,0,0,MA,city,rural,323,NA,1
MA102,NA,NA,NA,NA,NA,NA,NA,NA
MA104,NA,NA,NA,NA,NA,NA,NA,NA
MA109,0,0,MA,city,rural,6945,1.152635217,1.2
MA110,NA,NA,NA,NA,NA,NA,NA,NA
MA112,NA,NA,NA,NA,NA,NA,NA,NA
MA114,NA,NA,NA,NA,NA,NA,NA,NA
MA120,NA,NA,NA,NA,NA,NA,NA,NA
MA121,NA,NA,NA,NA,NA,NA,NA,NA
MA123,NA,NA,NA,NA,NA,NA,NA,NA
MA127,0,0,MA,city,urban,18352,1.916495562,3.5
MA128,NA,NA,NA,NA,NA,NA,NA,NA
MA133,NA,NA,NA,NA,NA,NA,NA,NA
MA137,NA,NA,MA,city,urban,23592,NA,NA
MA138,0,0,MA,city,urban,14388,1.664613247,3.5
MA139,1,1,MA,city,urban,40124,4.832306862,10
MA141,1,0,MA,city,urban,16311,8.062970161,3
MA143,1,0,MA,city,urban,19754,8.750170708,7
MA145,NA,NA,NA,NA,NA,NA,NA,NA
MA146,1,0,MA,city,urban,13661,16.35592079,3
MA152,1,0,MA,city,urban,41150,15.57837105,7
MA153,NA,NA,NA,NA,NA,NA,NA,NA
MA156,0,0,MA,city,urban,15882,22.4668045,2.2
MA157,0,0,MA,city,urban,109945,0.7364818454,55
MA159,1,1,MA,city,urban,92137,12.15331936,14.5
MA163,NA,NA,NA,NA,NA,NA,NA,NA
MA164,0,0,MA,city,urban,20454,4.301163673,2.75
MA165,0,0,MA,city,urban,39612,0.082135520879999993,NA
MA166,1,0,MA,city,urban,25635,29.97672844,3
MA171,NA,NA,NA,NA,NA,NA,NA,NA
MA172,NA,NA,NA,NA,NA,NA,NA,NA
MA176,NA,NA,NA,NA,NA,NA,NA,NA
MA177,0,0,MA,city,urban,24103,0.4134154618,6.5
MA178,0,0,MA,city,urban,528,3.748117685,0.1
MA179,1,1,MA,city,urban,9578,NA,NA
MA182,1,1,MA,city,urban,8099,1.245722055,1.8
MA184,1,0,MA,city,urban,27360,1.98220396,2.5
MA188,NA,NA,MA,city,urban,860,12.75017071,0.5
MA190,1,0,MA,city,urban,3479,16.75017166,0.1
MA192,NA,NA,NA,NA,NA,NA,NA,NA
MA193,1,0,MA,city,urban,35523,7.195071697,6
MA194,1,1,MA,city,urban,30205,1.368925452,8.26
MA196,NA,NA,NA,NA,NA,NA,NA,NA
MA201,NA,NA,NA,NA,NA,NA,NA,NA
MA204,NA,NA,NA,NA,NA,NA,NA,NA
MA205,1,0,MA,city,urban,28908,9.242983818,4
MA208,NA,NA,NA,NA,NA,NA,NA,NA
MA210,NA,NA,NA,NA,NA,NA,NA,NA
MA211,0,0,MA,city,urban,19396,1.963039041,3
MA212,NA,NA,NA,NA,NA,NA,NA,NA
MA213,1,1,MA,city,urban,29056,9.629021645,6
MA214,NA,NA,NA,NA,NA,NA,NA,NA
MA217,NA,NA,NA,NA,NA,NA,NA,NA
MA220,NA,NA,NA,NA,NA,NA,NA,NA
MA222,NA,NA,NA,NA,NA,NA,NA,NA
MA223,1,0,MA,city,urban,18197,5.412731171,NA
MA230,1,NA,MA,city,urban,8910,3.452429771,3.5
MA232,0,0,MA,city,urban,2873,1.749486685,NA
MA233,NA,NA,NA,NA,NA,NA,NA,NA
MA234,0,0,MA,city,rural,2980,1.305954814,2
MA235,NA,NA,NA,NA,NA,NA,NA,NA
MA236,1,1,MA,city,urban,93397,13.74948692,10
MA237,NA,NA,NA,NA,NA,NA,NA,NA
MA238,0,0,MA,city,urban,13691,3.074606419,2.5
MA240,0,0,MA,city,urban,11926,13.85900116,2.3
MA241,1,1,MA,city,urban,54157,15.66324425,9
MA243,NA,NA,NA,NA,NA,NA,NA,NA
MA244,NA,NA,NA,NA,NA,NA,NA,NA
MA245,NA,NA,NA,NA,NA,NA,NA,NA
MA246,NA,NA,NA,NA,NA,NA,NA,NA
MA247,0,0,MA,city,urban,1269,27.08282089,0.1
MA248,1,NA,MA,city,urban,1787,13.74948692,0.5
MA250,1,0,MA,city,urban,42824,4.845995903,6.5
MA251,NA,NA,NA,NA,NA,NA,NA,NA
MA253,NA,NA,NA,NA,NA,NA,NA,NA
MA254,1,0,MA,city,urban,27921,0.1040383279,2
MA256,1,0,MA,city,urban,18413,1.708418846,2.5
MA257,0,0,MA,city,urban,14683,NA,2
MA258,1,1,MA,city,urban,18121,1.234770656,3.5
MA264,1,1,MA,city,urban,78901,1.0321697,36
MA265,1,0,MA,city,urban,17691,4.832306862,4
MA266,NA,NA,NA,NA,NA,NA,NA,NA
MA267,0,NA,MA,city,urban,16825,2.422997952,6.5
MA268,NA,NA,NA,NA,NA,NA,NA,NA
MA269,0,0,MA,city,urban,9689,18.56810379,0.62
MA271,NA,NA,NA,NA,NA,NA,NA,NA
MA274,1,1,MA,city,urban,28396,3.578371048,NA
MA277,NA,NA,NA,NA,NA,NA,NA,NA
MA280,NA,NA,NA,NA,NA,NA,NA,NA
MA281,NA,NA,NA,NA,NA,NA,NA,NA
MA282,0,0,MA,city,urban,56544,8.490075111,9.4
MA283,0,0,MA,city,urban,8155,0.6461327672,1.5
MA284,NA,NA,NA,NA,NA,NA,NA,NA
MA285,0,0,MA,city,rural,4128,0.5804243684,3
MA287,1,0,MA,city,urban,6505,9.511293411,1.5
MA288,NA,NA,NA,NA,NA,NA,NA,NA
MA289,NA,NA,NA,NA,NA,NA,NA,NA
MA292,0,0,MA,city,urban,7699,28.99931526,2.5
MA294,1,NA,MA,city,urban,26774,6.748802185,6
MA296,1,1,MA,city,urban,24933,28.75017166,4
MA297,NA,NA,NA,NA,NA,NA,NA,NA
MA298,NA,NA,NA,NA,NA,NA,NA,NA
MA302,NA,NA,NA,NA,NA,NA,NA,NA
MA303,1,0,MA,city,urban,13541,3.739904165,9
MA304,1,0,MA,city,urban,16844,1.160848737,1
MA305,0,0,MA,city,urban,11992,13.61533165,3.25
MA306,0,0,MA,city,urban,2754,11.0718689,4
MA311,0,0,MA,city,urban,4495,13.24572182,1.75
MA313,1,0,MA,city,urban,28627,9.97399044,6.6
MA314,NA,NA,NA,NA,NA,NA,NA,NA
MA315,NA,NA,NA,NA,NA,NA,NA,NA
MA316,1,0,MA,city,urban,18756,2.160164356,4.5
MA317,1,1,MA,city,urban,41608,2.431211472,7
MA318,1,1,MA,city,urban,23678,29.65092468,7.03
MA320,NA,NA,NA,NA,NA,NA,NA,NA
MA322,NA,NA,NA,NA,NA,NA,NA,NA
MA323,1,0,MA,city,urban,14979,20.56947327,3.75
MA324,1,1,MA,city,urban,55643,NA,9
MA327,NA,NA,NA,NA,NA,NA,NA,NA
MA330,1,0,MA,city,urban,183016,0.4106776118,26.5
MA332,0,0,MA,city,rural,8325,15.95071888,2.5
MA333,NA,NA,NA,NA,NA,NA,NA,NA
MA344,NA,NA,NA,NA,NA,NA,NA,NA
MA346,NA,NA,NA,NA,NA,NA,NA,NA
MA348,0,0,MA,city,urban,40952,17.4483223,6.5
MA350,1,0,MA,city,urban,17312,32.33127975,2.4
MA356,0,0,MA,city,urban,5165,7.329226494,0.3
MD002,1,1,MD,county,rural,72952,0.955509901,261.8
MD003,1,1,MD,county,urban,560133,0.24914442,NA
MD004,1,1,MD,city,urban,622793,1.207392216,NA
MD005,1,1,MD,county,urban,826925,4.665297508,417.5
MD006,1,0,MD,county,urban,90613,3.644079447,NA
MD007,1,1,MD,county,rural,32538,NA,NA
MD008,1,1,MD,county,urban,167830,0.6762491465,142
MD009,NA,NA,MD,county,urban,102383,8.246406555,145.4
MD010,1,1,MD,county,urban,154747,2.954140902,238.23
MD011,1,0,MD,county,rural,32578,19.07734489,NA
MD012,1,0,MD,county,urban,243675,12.27378464,NA
MD013,1,1,MD,county,rural,29679,17.44010925,124
MD014,1,1,MD,county,urban,250105,8.227241516,165
MD015,1,1,MD,county,urban,309284,3.466119051,160
MD016,1,1,MD,county,rural,19820,2.245037556,90
MD017,NA,NA,MD,county,urban,1030447,NA,489.2
MD018,1,1,MD,county,urban,904430,4.588637829,451
MD019,1,0,MD,county,rural,48804,3.644079447,86
MD020,1,1,MD,county,rural,25859,4.626967907,65
MD021,1,0,MD,county,rural,110382,3.293634415,82
MD022,NA,1,MD,county,rural,37643,0.4243668616,82.5
MD023,1,1,MD,county,urban,149573,8.900753021,120
MD024,1,0,MD,county,urban,101539,8.750170708,192.9
MD025,1,1,MD,county,rural,51675,23.99726295,256.3
ME003,1,1,ME,city,urban,32568,1.541409969,24
ME009,1,1,ME,city,urban,66666,0.4298425615,NA
ME029,0,0,ME,county,rural,69447,6.524298191,10
ME030,0,0,ME,multi-county,rural,172275,6.160164356,10
ME031,0,0,ME,county,urban,221131,1.045858979,8
ME032,0,0,ME,multi-county,rural,86504,6.562628269,7
ME033,0,0,ME,multi-county,rural,147942,0.4599589407,10
ME034,0,0,ME,multi-county,urban,137872,6.562628269,12
ME035,0,0,ME,multi-county,urban,194974,3.915126562,7
ME036,0,0,ME,county,rural,200710,3.589322329,5
MI002,NA,NA,NA,NA,NA,NA,NA,NA
MI003,NA,NA,NA,NA,NA,NA,NA,NA
MI004,NA,NA,NA,NA,NA,NA,NA,NA
MI005,1,1,MI,county,urban,155233,20.75017166,68
MI006,1,1,MI,multi-county,rural,150321,0.2053388059,62
MI007,NA,NA,NA,NA,NA,NA,NA,NA
MI008,0,1,MI,county,rural,32065,14.16016388,22.53
MI009,1,1,MI,multi-county,rural,189156,2.579055548,95.6
MI010,NA,NA,NA,NA,NA,NA,NA,NA
MI011,1,1,MI,multi-county,rural,60273,4.917180061,42.6
MI013,0,0,MI,city,urban,680250,0.5995893478,126
MI014,1,1,MI,multi-county,rural,37344,5.245722294,30.5
MI015,NA,NA,NA,NA,NA,NA,NA,NA
MI016,NA,NA,NA,NA,NA,NA,NA,NA
MI017,1,1,MI,multi-county,rural,260954,0.8323066235,165.5
MI018,0,1,MI,multi-county,rural,65284,2.499657869,60
MI019,1,1,MI,county,urban,412895,6.55167675,105
MI020,1,1,MI,county,rural,90782,3.581108809,55
MI023,1,1,MI,county,rural,64294,NA,22
MI024,1,1,MI,county,urban,159741,2.710472345,55
MI025,1,1,MI,county,urban,258818,1.464750171,138.7425
MI026,1,1,MI,county,urban,629237,3.118412018,240
MI027,1,1,MI,multi-county,rural,35098,NA,40.47
MI028,0,1,MI,county,rural,88153,15.24435329,56.87
MI030,0,0,MI,county,rural,99047,NA,27
MI031,0,1,MI,county,urban,185596,2.160164356,36.5
MI032,1,1,MI,county,urban,860112,3.329226494,241
MI034,1,1,MI,county,rural,67676,1.084188938,37
MI036,1,1,MI,multi-county,rural,181855,3.830253363,72
MI037,1,0,MI,county,rural,83427,13.43463421,27
MI038,0,1,MI,county,urban,149824,4.161533356,NA
MI040,1,1,MI,county,urban,1237868,7.663244247,304
MI041,1,1,MI,county,urban,276292,12.05475712,88.5
MI043,1,1,MI,county,rural,41587,1.368925452,22
MI045,1,0,MI,county,urban,160078,6.997946739,60
MI046,0,1,MI,county,rural,54000,17.71115685,23.75
MI048,1,1,MI,county,urban,356874,2.245037556,90.78
MI049,1,1,MI,county,urban,1084554,4.580424309,98
MI050,1,1,MI,multi-county,rural,69275,1.49760437,NA
MN002,1,1,MN,county,urban,341864,4.750171185,77.8
MN003,1,1,MN,county,rural,6495,9.579739571,11
MN004,1,1,MN,city,urban,86314,1.845311403,NA
MN005,NA,NA,NA,NA,NA,NA,NA,NA
MN006,1,1,MN,county,rural,25292,7.49897337,20.67
MN007,1,1,MN,county,urban,97338,0.5804243684,20
MN008,0,1,MN,county,rural,35571,NA,33.42
MN009,NA,NA,NA,NA,NA,NA,NA,NA
MN010,NA,NA,NA,NA,NA,NA,NA,NA
MN011,NA,NA,MN,county,urban,200949,NA,NA
MN012,1,1,MN,multi-county,rural,21902,36.58042526,24
MN013,0,1,MN,multi-county,rural,43673,16.37234688,28
MN015,1,1,MN,county,urban,412529,8.019165039,94
MN016,1,1,MN,county,rural,36573,0.7748117447,30.25
MN019,1,1,MN,multi-county,rural,34412,1.081451058,18.6
MN020,1,1,MN,county,rural,20776,0.2464065701,19.5
MN021,NA,NA,NA,NA,NA,NA,NA,NA
MN022,NA,1,MN,county,rural,46423,4.635181427,31.179
MN024,1,1,MN,county,urban,632768,3.189596176,286.6
MN025,1,1,MN,county,rural,5233,NA,3
MN026,1,1,MN,county,rural,38413,1.823408604,16.75
MN027,1,1,MN,county,rural,42285,17.57974052,30
MN032,0,0,MN,city,urban,407207,11.12115002,94.5
MN033,NA,NA,NA,NA,NA,NA,NA,NA
MN034,0,0,MN,county,rural,39323,1.620807648,18.5
MN036,NA,NA,NA,NA,NA,NA,NA,NA
MN037,NA,NA,NA,NA,NA,NA,NA,NA
MN038,1,1,MN,county,rural,150287,4.580424309,110.75
MN039,1,1,MN,county,rural,57635,NA,30.4
MN040,NA,NA,NA,NA,NA,NA,NA,NA
MN041,1,1,MN,county,rural,31704,4.134154797,28.4
MN044,1,1,MN,county,urban,532655,4.703627586,NA
MN046,1,1,MN,county,rural,65151,4.052019119,44
MN048,0,1,MN,county,urban,139672,0.9281314015,17.55
MN049,1,1,MN,county,urban,91126,2.058863878,20.65
MN050,1,1,MN,county,rural,27770,11.9151268,25.08
MN051,1,1,MN,county,urban,152912,18.00958252,36.2
MN053,1,1,MN,county,urban,249283,10.99794674,80.7
MN054,NA,1,MN,county,rural,11083,0.1971252561,4
MN055,1,1,MN,county,rural,51097,4.03285408,23
MN056,1,1,MN,county,urban,129918,27.74811745,32.5
MN057,1,1,MN,multi-county,rural,12144,0.5585215688,6.75
MN059,1,1,MN,county,rural,14918,5.245722294,NA
MN060,1,1,MN,county,rural,15930,24.44353104,49.9
MN061,NA,NA,NA,NA,NA,NA,NA,NA
MN063,1,1,MN,county,rural,3918,9.749486923,3
MN064,1,1,MN,county,rural,33093,4.394250393,23
MN065,1,1,MN,county,rural,24264,1.245722055,NA
MN066,1,1,MN,county,rural,21362,31.57837105,18
MN068,1,1,MN,county,rural,19025,0.4845995903,12.8
MN069,NA,1,MN,county,rural,35882,5.245722294,33
MN070,1,1,MN,county,rural,23107,18.49691963,16.45
MN071,1,0,MN,county,rural,4435,19.24435234,2.2
MN072,1,1,MN,county,rural,9417,NA,3
MN073,NA,NA,NA,NA,NA,NA,NA,NA
MN074,1,0,MN,multi-county,rural,18101,12.24640656,10.5
MN076,1,1,MN,county,urban,39506,2.694045067,11
MN078,1,1,MN,county,rural,45664,NA,28.8
MN079,NA,NA,NA,NA,NA,NA,NA,NA
MN080,1,1,MN,county,rural,20573,6.245037556,8.8
MN081,1,1,MN,county,rural,32810,1.215605736,25.8
MN082,1,1,MN,county,rural,13757,4.832306862,13.25
MN083,1,1,MN,county,rural,28559,5.199178696,14.5
MN084,1,1,MN,county,rural,15771,18.91581154,12
MN085,0,0,MN,county,rural,45589,2.160164356,NA
MN086,NA,NA,MN,county,rural,12856,NA,NA
MN090,NA,NA,NA,NA,NA,NA,NA,NA
MN091,0,1,MN,multi-county,rural,74272,5.245722294,40.25
MN095,1,1,MN,multi-county,rural,66917,1.245722055,90.19
MN097,1,1,MN,county,rural,15025,31.66324425,21
MO001,1,1,MO,county,rural,25602,NA,17
MO002,NA,NA,NA,NA,NA,NA,NA,NA
MO004,1,1,MO,city-county,rural,25887,0.8898015022,19
MO005,NA,NA,NA,NA,NA,NA,NA,NA
MO006,1,1,MO,county,rural,12057,0.6269678473,17
MO007,1,1,MO,county,rural,16584,14.49691963,7
MO008,0,1,MO,county,rural,18806,22.49144363,50
MO009,1,1,MO,county,rural,12394,4.750171185,11
MO011,0,1,MO,county,rural,42972,18.66392899,26
MO012,1,1,MO,county,rural,9034,3.997262239,5.2
MO013,0,1,MO,county,rural,44750,12.07392216,9.75
MO014,0,0,MO,county,rural,44021,1.223819256,16
MO015,1,1,MO,county,rural,78043,3.496235371,35
MO016,0,1,MO,county,rural,9043,3.663244247,7
MO017,1,1,MO,county,rural,6258,14.10266972,16.5
MO018,1,1,MO,county,rural,100692,9.831622124,12
MO019,NA,1,MO,county,rural,7694,4.539356709,6
MO020,NA,NA,NA,NA,NA,NA,NA,NA
MO021,1,1,MO,county,rural,6917,9.160848618,10
MO022,1,1,MO,county,urban,114515,12.24640656,54.5
MO023,NA,NA,NA,NA,NA,NA,NA,NA
MO024,0,1,MO,county,urban,76557,2.458590031,24
MO025,1,1,MO,city-county,urban,172717,16.75017166,67
MO026,1,1,MO,county,rural,17585,22.16016388,6
MO027,0,0,MO,county,rural,24650,4.413415432,7
MO028,1,1,MO,county,rural,7628,8.665297508,7
MO029,NA,NA,NA,NA,NA,NA,NA,NA
MO030,1,1,MO,county,rural,8297,9.831622124,7
MO031,0,1,MO,county,rural,15655,11.49623585,5.2
MO032,1,1,MO,county,rural,13546,3.822039604,10
MO033,1,1,MO,county,rural,31344,1.245722055,12
MO035,0,0,MO,county,rural,14866,0.4298425615,7.15
MO036,1,1,MO,county,rural,10197,6.540725708,6.75
MO037,1,1,MO,county,rural,8639,2.231348276,12.5
MO038,1,1,MO,county,rural,22028,0.8788501024,13
MO039,1,1,MO,county,rural,9219,3.411362171,8.5
MO040,NA,NA,NA,NA,NA,NA,NA,NA
MO041,1,1,MO,county,rural,10159,11.92333984,4.7
MO042,1,1,MO,city,urban,117494,1.232032895,36.59
MO043,NA,NA,NA,NA,NA,NA,NA,NA
MO044,0,0,MO,county,urban,260013,0.7227926254,26.8
MO045,1,0,MO,county,rural,73239,15.08281994,18.05
MO046,1,1,MO,county,urban,222716,0.08487337083,50
MO047,0,1,MO,county,rural,54362,9.782341003,32.6
MO048,1,1,MO,city,urban,51316,19.49623489,34.3
MO049,0,0,MO,city,rural,470800,17.60164261,158
MO050,1,1,MO,county,rural,4000,9.084188461,7.6
MO051,0,1,MO,county,rural,35439,16.83230591,16.4
MO052,1,1,MO,county,rural,32688,1.831622124,9.2
MO054,0,0,MO,county,rural,10138,19.57837105,NA
MO055,NA,NA,NA,NA,NA,NA,NA,NA
MO056,0,1,MO,county,rural,12311,3.813826084,6
MO057,0,1,MO,county,rural,15053,7.392197132,9
MO058,1,NA,MO,county,rural,15479,0.4134154618,10
MO059,1,1,MO,county,rural,12368,16.75017166,11
MO060,1,1,MO,county,rural,28920,7.159479618,11
MO061,1,1,MO,county,rural,22800,8.832306862,8
MO062,NA,NA,MO,county,rural,3719,0.2464065701,NA
MO063,1,1,MO,county,rural,25141,9.067761421,12.3
MO064,1,1,MO,county,rural,14232,3.915126562,14.25
MO065,NA,1,MO,county,rural,15856,6.245037556,6
MO066,1,1,MO,county,rural,8707,5.245722294,10
MO067,NA,NA,NA,NA,NA,NA,NA,NA
MO068,NA,NA,NA,NA,NA,NA,NA,NA
MO069,1,1,MO,county,rural,18272,8.246406555,11.5
MO070,1,1,MO,county,rural,51586,11.41136169,15.5
MO071,1,1,MO,county,rural,23081,13.71115685,5.5
MO072,1,1,MO,county,rural,10911,18.32991028,5.5
MO074,1,1,MO,county,rural,9492,26.24503708,8
MO075,NA,NA,MO,county,rural,17650,2.579055548,8.5
MO076,NA,NA,MO,county,rural,19202,19.24435234,15
MO077,1,1,MO,county,rural,42225,6.590006828,20.5
MO078,0,1,MO,multi-county,rural,53860,15.66324425,13.4
MO079,0,1,MO,county,rural,18541,1.765913725,28.5
MO080,1,1,MO,county,urban,49036,18.79260826,36.75
MO081,1,1,MO,county,rural,31054,15.66324425,15.5
MO082,NA,NA,NA,NA,NA,NA,NA,NA
MO083,1,1,MO,county,rural,4829,8.399725914,5.75
MO084,0,1,MO,county,rural,10255,8.999315262,14
MO085,0,0,MO,county,rural,25072,1.092402458,28
MO086,NA,NA,NA,NA,NA,NA,NA,NA
MO087,1,1,MO,county,rural,6565,3.578371048,8
MO088,1,1,MO,county,rural,13969,23.78644753,8
MO089,0,1,MO,county,rural,23347,NA,13.5
MO090,NA,NA,NA,NA,NA,NA,NA,NA
MO091,NA,1,MO,county,rural,4863,22.14921379,5
MO093,NA,1,MO,county,rural,8329,10.83093739,19
MO094,0,1,MO,county,rural,6108,22.24503708,7
MO095,NA,NA,NA,NA,NA,NA,NA,NA
MO096,1,1,MO,county,urban,379493,1.160848737,58
MO098,NA,NA,NA,NA,NA,NA,NA,NA
MO099,1,1,MO,county,rural,17914,6.579055309,9.6
MO100,1,1,MO,city,urban,89486,10.08350468,43.5
MO101,1,1,MO,city,urban,317419,0.9911019802,NA
MO102,1,1,MO,county,urban,1001876,1.160848737,501
MO103,1,1,MO,county,rural,29867,26.76249123,14
MO105,0,1,MO,county,rural,6411,3.687885046,6.2
MO106,1,1,MO,city-county,rural,54230,2.302532434,42.7
MO107,0,1,MO,county,rural,25642,15.49623585,10.5
MO108,0,1,MO,multi-county,rural,21591,30.54893875,5.05
MO109,1,1,MO,county,rural,21001,0.5804243684,8
MO110,NA,NA,NA,NA,NA,NA,NA,NA
MO111,NA,NA,NA,NA,NA,NA,NA,NA
MO112,1,1,MO,county,rural,65960,2.083504438,24
MO113,NA,1,MO,city-county,rural,36888,2.078028679,13.5
MO114,0,1,MO,county,rural,18291,14.66392899,NA
MO130,1,1,MO,county,rural,40173,12.32580471,17.682
MO132,0,1,MO,county,rural,13703,3.526351929,3.6
MS014,1,1,MS,multi-county,urban,482546,4.161533356,165
MS025,1,1,MS,multi-county,rural,208661,12.16153336,150
MS085,1,1,MS,multi-county,rural,241941,9.705680847,130
MS086,1,1,MS,multi-county,rural,369547,1.831622124,162.5
MS087,1,1,MS,multi-county,rural,325347,24.88432503,150
MS088,0,1,MS,multi-county,urban,308894,4.246406555,NA
MS089,1,1,MS,multi-county,rural,171183,9.664613724,123
MS090,1,1,MS,multi-county,rural,245289,0.7173169255,165
MS091,1,0,MS,multi-county,urban,640671,0.8323066235,NA
MT001,0,1,MT,county,rural,9345,27.49623489,3
MT005,NA,NA,NA,NA,NA,NA,NA,NA
MT007,NA,NA,NA,NA,NA,NA,NA,NA
MT008,NA,NA,NA,NA,NA,NA,NA,NA
MT010,0,1,MT,county,rural,12092,10.82819939,9.6
MT011,0,0,MT,county,rural,1793,2.537987709,1.5
MT012,1,0,MT,county,rural,9518,2.46406579,11
MT013,NA,NA,NA,NA,NA,NA,NA,NA
MT014,1,1,MT,county,rural,3108,2.47775507,4.3
MT016,0,1,MT,county,rural,94924,18.19849396,97
MT017,NA,NA,NA,NA,NA,NA,NA,NA
MT018,1,1,MT,county,rural,1309,1.160848737,1
MT019,NA,NA,NA,NA,NA,NA,NA,NA
MT021,0,0,MT,county,rural,3209,4.473648071,0.25
MT023,NA,NA,NA,NA,NA,NA,NA,NA
MT024,0,1,MT,county,rural,11558,0.6214921474,3.5
MT026,1,0,MT,county,rural,29099,7.578371048,11.9
MT027,1,1,MT,county,rural,65856,10.10540771,NA
MT029,0,0,MT,county,rural,19125,NA,10
MT030,0,0,MT,county,rural,7820,0.4599589407,3
MT031,0,0,MT,county,rural,1694,3.748117685,2.25
MT034,1,1,MT,county,urban,112684,26.87748146,83
MT039,NA,NA,NA,NA,NA,NA,NA,NA
MT040,1,0,MT,county,rural,1783,4.161533356,2
MT042,0,0,MT,county,rural,1148,1.831622124,2
MT043,0,0,MT,county,rural,41030,NA,5.2
MT044,1,1,MT,county,rural,11576,18.2915802,13.5
MT045,1,1,MT,county,rural,11332,1.48117733,6.75
MT047,1,0,MT,county,rural,11364,3.605749369,3
MT048,1,1,MT,county,rural,3696,16.24640656,1.75
MT051,1,1,MT,county,rural,6064,0.7638603449,5.05
MT052,1,1,MT,county,rural,5150,4.917180061,4.5
MT053,1,1,MT,county,rural,7640,1.905544162,4.5
MT055,0,1,MT,county,rural,1121,20.83230591,1.5
MT056,NA,NA,NA,NA,NA,NA,NA,NA
NC001,1,1,NC,county,urban,155792,1.598904848,NA
NC002,1,1,NC,county,urban,37392,15.1485281,38
NC003,1,1,NC,county,rural,25765,1.749486685,NA
NC004,1,1,NC,multi-county,rural,90565,4.750171185,70
NC005,1,1,NC,county,rural,47585,2.54072547,40
NC007,1,1,NC,county,rural,34657,0.4681724906,54
NC008,NA,NA,NC,county,urban,118836,NA,NA
NC009,0,0,NC,county,urban,250539,1.138945937,132
NC010,1,1,NC,county,urban,89486,2.748802185,48.5
NC011,NA,1,NC,county,urban,192103,NA,160
NC012,1,1,NC,county,urban,81484,11.15948009,80
NC013,1,0,NC,county,rural,68811,2.160164356,55
NC014,0,1,NC,county,urban,154534,11.50718689,104
NC015,1,1,NC,county,urban,68698,2.327173233,68.95
NC016,1,0,NC,county,rural,27141,2.836413383,31
NC017,NA,NA,NA,NA,NA,NA,NA,NA
NC018,1,1,NC,county,rural,97076,5.916495323,225
NC019,1,1,NC,county,rural,56953,10.99794674,84.5
NC020,1,1,NC,county,rural,104510,7.241615295,140
NC021,1,1,NC,county,urban,326328,6.748802185,243
NC024,1,1,NC,county,rural,164072,0.5147159696,97
NC025,1,1,NC,county,rural,41434,7.329226494,29
NC026,1,1,NC,county,rural,59882,12.58042431,56
NC027,1,1,NC,county,urban,294460,7.159479618,219
NC028,1,1,NC,county,rural,54933,NA,77
NC029,1,1,NC,county,urban,365298,4.607802868,268.5
NC031,1,1,NC,county,urban,211127,5.133470058,180
NC032,1,1,NC,county,rural,35104,1.404517412,88
NC033,1,1,NC,multi-county,rural,103114,3.99452424,70
NC034,1,1,NC,county,rural,21093,6.245037556,26
NC035,1,1,NC,county,urban,512119,10.66392899,359
NC036,1,1,NC,county,rural,52970,2.54072547,69
NC037,1,1,NC,county,rural,126666,12.38877487,83
NC038,NA,NA,NA,NA,NA,NA,NA,NA
NC039,1,1,NC,county,urban,111149,1.905544162,96
NC040,1,1,NC,county,rural,24308,1.02395618,40
NC041,1,1,NC,county,urban,51611,4.188911915,43
NC042,1,1,NC,county,rural,5676,1.193702936,13
NC043,1,1,NC,county,rural,166675,2.499657869,113
NC044,NA,NA,NA,NA,NA,NA,NA,NA
NC045,1,1,NC,county,rural,181423,10.49691963,140
NC046,1,1,NC,county,rural,10076,1.412731051,11.5
NC047,1,1,NC,county,rural,59662,0.1615331918,41
NC048,1,1,NC,county,rural,58485,25.74948692,55.5
NC049,1,1,NC,county,rural,79829,NA,66.25
NC050,1,1,NC,county,rural,33875,8.59411335,NA
NC051,1,1,NC,county,urban,21157,0.7939767241,38
NC052,1,1,NC,multi-county,rural,40139,2.058863878,69
NC053,1,1,NC,county,urban,1012539,2.154688597,840.5
NC054,1,1,NC,county,rural,27395,3.748117685,26
NC055,NA,NA,NA,NA,NA,NA,NA,NA
NC056,0,1,NC,county,urban,94357,37.71115494,130
NC057,0,1,NC,county,urban,216298,18.3874054,NA
NC058,1,0,NC,county,rural,20463,NA,NA
NC059,0,1,NC,county,urban,187589,2.737850904,90
NC060,1,1,NC,county,urban,140420,4.416153431,98.4
NC062,1,1,NC,county,rural,12948,3.958932161,25
NC063,1,1,NC,county,urban,56250,4.626967907,58
NC064,1,1,NC,county,rural,39132,10.66392899,49
NC065,1,1,NC,county,urban,175354,19.2306633,124
NC066,1,1,NC,county,rural,142778,0.2464065701,81
NC067,0,1,NC,county,rural,45733,2.160164356,64
NC068,1,1,NC,county,rural,134760,27.62491417,160
NC069,1,1,NC,county,rural,91696,0.4106776118,73
NC070,0,1,NC,county,rural,138630,1.941136241,66
NC071,1,1,NC,multi-county,rural,131922,6.080766678,85
NC072,1,1,NC,county,rural,64050,9.585215569,42
NC073,1,1,NC,county,rural,35576,0.4654346406,42
NC074,1,1,NC,county,rural,60600,10.79808331,70
NC075,NA,NA,NA,NA,NA,NA,NA,NA
NC076,1,1,NC,county,rural,72968,8.246406555,98
NC078,1,1,NC,multi-county,rural,50698,5.831622124,60.45
NC079,1,0,NC,county,rural,33045,1.234770656,NA
NC080,NA,NA,NA,NA,NA,NA,NA,NA
NC081,1,1,NC,county,urban,998691,1.051334739,486
NC082,0,1,NC,county,rural,20231,7.241615295,45
NC083,NA,NA,NA,NA,NA,NA,NA,NA
NC084,NA,NA,NC,county,rural,68838,4.750171185,72
NC085,1,1,NC,county,rural,81401,2.329910994,122
NC086,0,1,NC,county,rural,37792,3.036276579,19.5
NC088,1,1,NC,county,rural,14274,2.748802185,38
NC089,1,1,NC,county,rural,8644,11.66324425,23
NC093,1,1,NC,multi-county,rural,134805,15.74811745,180
ND001,1,1,ND,county,urban,90503,2.874743223,33.4
ND002,1,0,ND,multi-county,rural,23073,9.831622124,19.4
ND003,1,1,ND,county,rural,11144,11.49623585,11.82
ND004,1,1,ND,multi-county,urban,47201,28.24640656,NA
ND005,NA,NA,ND,county,rural,3422,32.4982872,2.8
ND006,1,1,ND,county,urban,167005,7.989048481,125
ND007,1,1,ND,multi-county,rural,97758,18.83093834,54
ND008,1,0,ND,county,rural,3362,6.579055309,4.25
ND009,1,1,ND,county,urban,70138,0.02190280706,31
ND010,1,1,ND,county,rural,2424,9.552361488,NA
ND011,1,1,ND,multi-county,rural,25178,2.748802185,17
ND012,1,0,ND,county,rural,2801,4.246406555,2
ND013,1,0,ND,multi-county,rural,5364,24.41341591,2.9
ND014,1,1,ND,county,rural,7128,1.245722055,4
ND015,1,0,ND,county,rural,5446,2.0205338,6
ND016,1,1,ND,county,rural,16432,14.63107491,14.8
ND017,1,1,ND,county,rural,3931,2.080766678,2.5
ND018,1,1,ND,multi-county,rural,46553,6.915811062,26
ND019,1,0,ND,county,rural,1955,4.889801502,1
ND020,1,0,ND,county,rural,8082,24.96098518,3
ND021,1,1,ND,multi-county,rural,55340,5.57426405,19.93
ND022,1,1,ND,county,rural,10970,13.24572182,4.75
ND023,1,1,ND,county,rural,4192,25.16084862,5.25
ND024,1,0,ND,county,rural,3855,24.24640656,3
ND025,1,1,ND,county,rural,5150,15.57837105,3
ND026,1,1,ND,county,rural,14616,13.14715958,8.5
ND027,1,0,ND,county,rural,2310,5.55509901,1.45
ND028,1,1,ND,county,rural,4149,5.749486446,3.6
NE003,0,1,NE,county,urban,20850,2.039698839,6.4
NE004,1,1,NE,county,urban,543244,13.49760437,NA
NE005,0,1,NE,multi-county,rural,78393,12.24640656,26
NE008,1,1,NE,multi-county,rural,56843,3.808350563,15.8
NE010,NA,NA,NA,NA,NA,NA,NA,NA
NE012,0,0,NE,multi-county,rural,38987,1.330595493,7
NE014,1,1,NE,multi-county,rural,44587,13.14989758,8
NE018,NA,NA,NA,NA,NA,NA,NA,NA
NE019,1,0,NE,county,rural,36465,32.24640656,4
NE020,1,1,NE,multi-county,rural,45799,8.525667191,9.41
NE022,1,1,NE,multi-county,rural,52093,16.75017166,NA
NE024,0,1,NE,multi-county,rural,30792,13.71115685,7.1
NE025,1,1,NE,multi-county,rural,30711,13.57700253,7
NE026,1,1,NE,multi-county,rural,45474,13.49760437,10.6
NE027,1,1,NE,multi-county,rural,50901,13.65913773,16.4
NE028,1,1,NE,multi-county,rural,54141,9.160848618,26
NE029,1,1,NE,multi-county,urban,197717,1.848049283,9
NE030,1,1,NE,multi-county,rural,39170,11.32922649,7
NE031,0,1,NE,multi-county,rural,96689,1.040383339,8.5
NE032,1,1,NE,multi-county,rural,38931,8.062970161,NA
NH008,1,1,NH,city,urban,110448,9.330595016,61
NH010,0,0,NH,city,urban,87259,0.06297057122,28
NJ001,NA,NA,NA,NA,NA,NA,NA,NA
NJ004,NA,NA,NA,NA,NA,NA,NA,NA
NJ005,1,1,NJ,multi-city,urban,301815,NA,169.5
NJ006,1,1,NJ,city,urban,27406,24.08213615,7
NJ007,0,1,NJ,multi-city,urban,58553,22.65845299,7
NJ008,NA,NA,NA,NA,NA,NA,NA,NA
NJ009,NA,NA,NA,NA,NA,NA,NA,NA
NJ010,1,0,NJ,city,urban,44903,10.24503803,4.5
NJ011,1,1,NJ,county,urban,449722,0.9993155599,105
NJ012,1,0,NJ,county,urban,511038,3.403148413,70
NJ013,NA,NA,NJ,county,urban,95344,NA,NA
NJ016,0,0,NJ,city,urban,10065,8.161533356,3
NJ018,1,1,NJ,city,urban,16362,14.08350468,4.8
NJ021,NA,NA,NA,NA,NA,NA,NA,NA
"NJ021
",NA,NA,NA,NA,NA,NA,NA,NA
NJ022,NA,NA,NA,NA,NA,NA,NA,NA
NJ023,1,1,NJ,city,urban,65078,9.245721817,41.5
NJ027,NA,NA,NA,NA,NA,NA,NA,NA
NJ028,1,1,NJ,multi-city,urban,20374,4.703627586,NA
NJ029,NA,NA,NA,NA,NA,NA,NA,NA
NJ031,NA,NA,NA,NA,NA,NA,NA,NA
NJ033,NA,NA,NA,NA,NA,NA,NA,NA
NJ035,0,0,NJ,multi-city,urban,54674,15.2388773,7.5
NJ036,1,1,NJ,county,urban,290951,NA,42
NJ037,0,1,NJ,multi-city,urban,44519,1.579739928,NA
NJ038,1,0,NJ,city,urban,116672,20.58042526,30
NJ039,1,1,NJ,multi-city,urban,41098,1.160848737,5
NJ042,NA,NA,NA,NA,NA,NA,NA,NA
NJ043,NA,NA,NA,NA,NA,NA,NA,NA
NJ046,0,1,NJ,county,urban,126067,4.331279755,28
NJ047,1,1,NJ,city,urban,54512,0.1615331918,12.5
NJ049,1,1,NJ,city,urban,262146,NA,NA
NJ052,0,0,NJ,city,urban,10482,2.001368999,3
NJ054,1,1,NJ,multi-city,urban,50332,NA,NA
NJ056,1,1,NJ,multi-city,urban,7528,2.406570911,7.5
NJ058,1,1,NJ,multi-city,urban,52952,3.51540041,8
NJ059,NA,NA,NA,NA,NA,NA,NA,NA
NJ060,1,0,NJ,city,urban,24657,27.15947914,3
NJ062,NA,NA,NA,NA,NA,NA,NA,NA
NJ063,1,0,NJ,multi-city,urban,44766,15.9151268,6.5
NJ064,1,1,NJ,multi-city,urban,588340,4.246406555,102
NJ069,0,1,NJ,multi-city,urban,129481,7.726214886,21
NJ070,1,1,NJ,city,urban,27934,11.7371664,6.5
NJ071,1,1,NJ,multi-city,urban,21842,0.1204654351,12
NJ073,1,1,NJ,multi-city,urban,62311,0.7501711249,17
NJ074,0,1,NJ,multi-city,urban,104494,11.12388802,5.5
NJ075,1,1,NJ,city,urban,280579,NA,272
NJ077,1,1,NJ,multi-city,urban,578773,5.694729805,NA
NJ079,0,0,NJ,multi-city,urban,20471,1.579739928,5
NJ080,0,1,NJ,multi-city,urban,26832,4.161533356,9
NJ083,1,1,NJ,county,urban,508856,2.058863878,27
NJ084,0,1,NJ,multi-city,urban,212055,1.385352492,62
NJ085,1,1,NJ,city,urban,33130,22.99794579,6
NJ086,0,0,NJ,multi-city,urban,50001,NA,10.8
NJ089,1,1,NJ,multi-city,urban,30108,1.98220396,5
NJ090,NA,NA,NA,NA,NA,NA,NA,NA
NJ092,NA,NA,NA,NA,NA,NA,NA,NA
NJ095,0,1,NJ,multi-city,urban,42074,14.62559891,14
NJ105,1,1,NJ,county,urban,144909,0.7501711249,NA
NJ106,NA,NA,NA,NA,NA,NA,NA,NA
NJ109,0,0,NJ,multi-city,urban,65985,4.246406555,11.5
NJ111,1,1,NJ,city,urban,61171,7.55646801,69
NJ113,1,1,NJ,county,urban,106917,6.217658997,30
NJ117,0,0,NJ,multi-city,urban,25364,4.243668556,3.5
NJ119,1,1,NJ,multi-city,urban,49090,5.998631001,21
NJ120,1,1,NJ,multi-city,urban,121862,7.915126801,11
NJ121,NA,NA,NA,NA,NA,NA,NA,NA
NJ122,1,1,NJ,city,urban,127745,4.498288631,18
NJ124,0,0,NJ,multi-city,urban,18400,1.749486685,NA
NJ125,1,1,NJ,city,urban,39415,1.330595493,44
NJ128,0,0,NJ,city,urban,62602,2.245037556,11.5
NJ130,1,1,NJ,city,urban,50955,0.4599589407,20.5
NJ131,0,0,NJ,multi-city,urban,180408,1.245722055,5.5
NJ135,0,0,NJ,multi-city,urban,287026,1.412731051,46
NJ138,0,0,NJ,multi-city,urban,48144,3.753593445,7.5
NJ139,0,0,NJ,county,urban,669115,4.750171185,24.5
NJ140,0,0,NJ,county,urban,795723,1.99863112,9
NJ142,1,1,NJ,multi-city,urban,66215,10.24503803,31
NJ143,1,1,NJ,city,urban,30934,NA,7.05
NJ144,0,0,NJ,multi-city,urban,207005,2.557152748,12
NJ145,1,1,NJ,city,urban,100443,11.74811745,12
NJ146,0,1,NJ,county,urban,96218,2.748802185,37.5
NJ151,0,1,NJ,city,urban,11289,1.579739928,NA
NJ996,NA,NA,NA,NA,NA,NA,NA,NA
NJ999,NA,NA,NA,NA,NA,NA,NA,NA
NM011,NA,NA,NA,NA,NA,NA,NA,NA
NM014,1,1,NM,multi-county,rural,292809,4.229979515,151
NM054,0,0,NM,county,urban,675551,0.2464065701,8
NV001,NA,NA,NV,county,urban,2069681,NA,498.05
NV002,1,1,NV,county,urban,440078,2.929500341,150.01
NV007,1,1,NV,city,urban,54522,2.631074667,NA
NY001,1,1,NY,county,urban,308171,0.9582477808,NA
NY003,NA,NA,NA,NA,NA,NA,NA,NA
NY004,1,1,NY,county,rural,78600,6.40930891,88
NY005,0,0,NY,county,rural,78823,1.593429208,39.5
NY006,NA,NA,NA,NA,NA,NA,NA,NA
NY007,1,0,NY,county,urban,87770,19.74811745,61
NY008,1,1,NY,county,rural,49426,NA,23
NY009,0,1,NY,county,rural,81632,4.251882076,71
NY010,1,NA,NY,county,rural,62122,0.3504449129,49
NY011,1,0,NY,county,rural,49024,7.159479618,51.5
NY012,0,1,NY,county,rural,46581,0.947296381,NA
NY013,0,1,NY,county,urban,296579,0.2573579848,103
NY014,1,1,NY,county,urban,922835,NA,NA
NY015,1,1,NY,county,rural,38679,4.49281311,60
NY016,0,0,NY,county,rural,51262,5.160848618,7
NY017,1,1,NY,county,rural,54105,2.228610516,15
NY018,0,0,NY,county,rural,59162,3.496235371,17.5
NY019,NA,NA,NY,county,rural,47967,NA,NA
NY020,1,1,NY,county,rural,4715,2.288843155,9.25
NY021,0,1,NY,county,rural,63744,3.340178013,15
NY022,0,0,NY,county,rural,119103,3.082819939,8
NY023,1,0,NY,county,rural,27220,2.579055548,17.65
NY024,1,1,NY,county,rural,64586,3.411362171,106
NY025,NA,NA,NA,NA,NA,NA,NA,NA
NY026,1,1,NY,county,urban,749857,0.9171800017,270
NY027,1,1,NY,county,rural,49779,10.93497562,16
NY028,NA,NA,NA,NA,NA,NA,NA,NA
NY029,1,1,NY,city,urban,8491079,2.124572277,5512
NY030,1,1,NY,county,rural,213525,10.24503803,100
NY031,1,1,NY,county,urban,232871,2.625598907,NA
NY032,1,1,NY,county,urban,468196,11.41136169,NA
NY033,NA,NA,NA,NA,NA,NA,NA,NA
NY034,0,0,NY,county,rural,41984,18.24503708,20.5
NY035,0,0,NY,county,rural,61128,7.649555206,18.5
NY036,1,0,NY,county,rural,120913,3.707049847,NA
NY037,1,1,NY,county,urban,99487,0.2929500341,49
NY039,1,1,NY,county,urban,159774,10.0451746,46.5
NY040,1,1,NY,county,urban,323866,1.711156726,NA
NY041,0,1,NY,county,urban,224921,1.097878218,48.5
NY043,1,1,NY,county,urban,155735,0.1916495562,39
NY044,1,1,NY,county,urban,31566,1.514031529,12.6
NY045,1,1,NY,county,rural,18479,14.24503803,12.5
NY046,1,0,NY,county,rural,34884,13.24572182,15.5
NY047,0,0,NY,county,rural,111400,0.7173169255,23
NY048,1,1,NY,county,rural,98394,0.4106776118,18
NY050,1,1,NY,county,rural,75943,2.669404507,75
NY051,NA,NA,NA,NA,NA,NA,NA,NA
NY052,NA,NA,NA,NA,NA,NA,NA,NA
NY053,1,0,NY,county,urban,180445,3.898699522,78
NY054,1,1,NY,county,urban,64973,18.49691963,54
NY055,NA,NA,NA,NA,NA,NA,NA,NA
NY056,1,0,NY,county,rural,92051,7.329226494,19.5
NY057,0,1,NY,county,urban,972634,4.49281311,250
NY058,NA,NA,NA,NA,NA,NA,NA,NA
NY059,1,1,NY,county,rural,25208,7.154004097,14
O035,NA,NA,NA,NA,NA,NA,NA,NA
OH001,1,1,OH,county,rural,28129,0.2573579848,11
OH003,1,1,OH,county,urban,108165,4,48.5
OH004,1,1,OH,city,rural,22078,32.22450256,11.95
OH005,NA,NA,NA,NA,NA,NA,NA,NA
"OH006
",NA,NA,NA,NA,NA,NA,NA,NA
"OH007
",NA,NA,NA,NA,NA,NA,NA,NA
OH008,NA,NA,NA,NA,NA,NA,NA,NA
OH009,0,1,OH,county,rural,45841,1.579739928,21
OH013,0,1,OH,county,urban,69461,18.22313499,23
OH017,NA,NA,NA,NA,NA,NA,NA,NA
OH020,1,NA,OH,county,urban,265726,39.44147873,32.8
OH022,1,1,OH,county,urban,72297,7.663244247,NA
OH023,1,1,OH,city,rural,30134,1.190965056,13
OH024,NA,NA,NA,NA,NA,NA,NA,NA
OH025,1,1,OH,county,urban,298165,4.131416798,419.05
OH026,1,0,OH,city,urban,27790,21.74948692,4.2
OH027,0,1,OH,city,urban,136554,15.60848713,73
OH028,1,1,OH,county,urban,199599,2.997946501,46.4
OH029,1,1,OH,county,urban,389521,0.3613963127,136.5
OH031,1,1,OH,city,rural,41835,4.665297508,12
OH033,1,1,OH,county,urban,835957,13.79329205,495
OH034,1,1,OH,city,rural,12813,27.37577057,4.15
OH035,1,1,OH,city,rural,25409,1.097878218,12
OH036,0,1,OH,county,rural,32314,1.245722055,24.5
OH037,1,1,OH,county,urban,842517,13.24572182,NA
OH039,0,0,OH,county,rural,38510,14.83093739,16.5
OH040,1,1,OH,county,urban,173213,3.247091055,66
OH042,1,1,OH,county,rural,10951,2.094455957,3
OH044,1,1,OH,city,urban,53972,30.08350372,18.5
OH045,1,1,OH,city,urban,81641,10.83093739,81
OH047,NA,NA,NA,NA,NA,NA,NA,NA
OH048,1,1,OH,county,rural,41098,0.2464065701,21
OH049,1,1,OH,city,urban,451470,16.93087006,81
OH050,1,1,OH,county,rural,42580,1.106091738,32.6
OH051,0,0,OH,county,rural,10175,1.081451058,6
OH052,NA,NA,NA,NA,NA,NA,NA,NA
OH054,1,0,OH,county,urban,94295,16.91717911,25.5
OH057,1,1,OH,city,urban,163352,2.748802185,69
OH058,NA,NA,NA,NA,NA,NA,NA,NA
OH059,0,0,OH,county,urban,62486,4.246406555,16
OH060,1,0,OH,city,urban,494672,22.60369682,85
OH062,NA,NA,NA,NA,NA,NA,NA,NA
OH063,1,1,OH,county,rural,27937,6.743326664,42.16
OH064,NA,NA,NA,NA,NA,NA,NA,NA
OH065,0,1,OH,county,rural,43898,0.8323066235,20
OH066,1,0,OH,county,rural,63180,10.37645435,24
OH068,1,1,OH,county,urban,10995,5.97399044,6.5
OH069,1,0,OH,city,rural,32748,2.663928747,14.5
OH070,0,1,OH,county,urban,49391,35.24435425,15.5
OH072,0,1,OH,city,rural,31796,5.245722294,10.5
OH073,1,1,OH,county,rural,61167,5.527720928,37.78
OH074,1,1,OH,county,urban,229230,1.245722055,55
OH077,NA,NA,NA,NA,NA,NA,NA,NA
OH078,1,1,OH,county,urban,160442,16.44353104,56.5
OH079,NA,NA,NA,NA,NA,NA,NA,NA
OH080,1,1,OH,county,rural,28725,8.580424309,21.5
OH081,0,0,OH,county,urban,63776,1.245722055,9
OH082,1,1,OH,multi-city,urban,180653,3.438740492,74
OH083,NA,NA,NA,NA,NA,NA,NA,NA
OH084,1,1,OH,county,rural,43918,7.329226494,24
OH085,1,1,OH,county,urban,167443,4.082135677,60
OH086,1,1,OH,county,urban,112854,3.192333937,95
OH087,NA,NA,NA,NA,NA,NA,NA,NA
OH091,NA,NA,NA,NA,NA,NA,NA,NA
OH092,0,1,OH,city,rural,175914,3.767282724,70.5
OH093,1,1,OH,county,rural,23331,1.579739928,17.02
OH094,0,0,OH,county,rural,40831,1.462012291,10
OH095,1,1,OH,county,urban,82139,1.664613247,27
OH096,0,0,OH,county,urban,48791,5.806981564,6.5
OH099,1,1,OH,county,urban,524262,1.229295015,270.5
OH100,0,0,OH,county,rural,14843,11.997262,6
OH101,1,0,OH,county,rural,35143,0.4298425615,16
OH103,NA,NA,NA,NA,NA,NA,NA,NA
OH106,0,1,OH,city,rural,14363,18.16016388,31
OH107,NA,NA,NA,NA,NA,NA,NA,NA
OH109,0,1,OH,city,rural,41154,29.66461372,22
OH110,0,1,OH,city,rural,18989,0.2464065701,8
OH111,NA,NA,NA,NA,NA,NA,NA,NA
OH113,0,0,OH,county,rural,28256,14.45858955,8
OH115,1,0,OH,county,urban,131954,0.602327168,28.5
OH116,0,0,OH,city,rural,20326,4.665297508,26
OH118,1,1,OH,county,rural,41586,2.997946501,19.2
OH119,0,1,OH,city,rural,34171,1.00205338,11.4
OH122,NA,NA,NA,NA,NA,NA,NA,NA
OH124,1,1,OH,county,rural,55715,0.5804243684,34
OH125,0,0,OH,city,rural,56932,12.24640656,9.7
OH126,0,1,OH,county,rural,59615,1.916495562,33
OH128,1,0,OH,county,rural,9088,1.245722055,2
OH129,1,0,OH,county,rural,48951,5.221081257,25.1
OH130,1,0,OH,county,urban,11212,0.602327168,4
OH132,1,1,OH,city,urban,247181,4.246406555,65
OH133,0,0,OH,city,urban,18303,0.08761122823,5
OH139,1,1,OH,county,urban,164531,0.2464065701,35
OH140,1,1,OH,city,rural,75350,1.412731051,NA
OH141,1,1,OH,county,urban,53776,7.748117924,35
OH143,0,1,OH,city,rural,25337,NA,NA
OH145,1,1,OH,county,urban,219257,11.0663929,55
"OH145
",NA,NA,NA,NA,NA,NA,NA,NA
OH146,NA,NA,NA,NA,NA,NA,NA,NA
OH147,0,1,OH,county,urban,40823,0.5065023899,14
OH149,0,0,OH,county,rural,37291,9.749486923,25
OH150,1,1,OH,city,rural,128553,0.5420944691,NA
"OH150
",NA,NA,NA,NA,NA,NA,NA,NA
OH151,1,1,OH,county,rural,22353,7.244353294,32
OH152,0,0,OH,county,urban,65062,5.138946056,25
OH153,1,1,OH,county,rural,85818,11.31553745,56.4
"OH153
",NA,NA,NA,NA,NA,NA,NA,NA
OH157,1,1,OH,county,rural,65720,2.792607784,23.5
OH159,1,0,OH,city,rural,12087,6.915811062,3
OH160,1,1,OH,county,urban,542232,0.7501711249,210
OH161,1,0,OH,city,rural,83317,7.0636549,18
OK001,1,1,OK,county,rural,22186,0.4599589407,7
OK004,1,1,OK,county,rural,5486,10.83093739,2.75
OK005,1,1,OK,county,rural,23691,6.579055309,15
OK007,NA,NA,NA,NA,NA,NA,NA,NA
OK009,1,1,OK,county,rural,129582,11.2388773,62
OK010,1,1,OK,county,rural,48821,14.66392899,41
OK011,1,1,OK,county,rural,48341,4.240931034,17.8
OK014,1,1,OK,county,urban,269908,2.636550426,105
OK016,1,1,OK,county,urban,125033,3.542778969,NA
OK018,1,1,OK,county,rural,14582,4.240931034,9
OK021,1,1,OK,county,rural,41446,4.240931034,15.8
OK024,1,1,OK,multi-county,rural,68881,2.212183475,54
OK025,1,1,OK,county,rural,27561,0.2464065701,13
OK027,1,1,OK,county,rural,4501,2.212183475,8
OK032,1,1,OK,county,rural,13806,2.680356026,NA
OK033,1,1,OK,county,rural,25998,6.52703619,33.5
OK034,1,1,OK,county,rural,6292,14.66392899,2
OK035,1,1,OK,county,rural,11103,14.66392899,8
OK038,1,1,OK,county,rural,9336,3.542778969,11.5
OK040,1,1,OK,county,rural,49761,0.4599589407,34
OK042,1,1,OK,county,urban,45276,31.9151268,36.5
OK043,1,1,OK,county,rural,9773,14.66392899,9
OK045,1,1,OK,county,rural,16182,14.66392899,10
OK046,1,1,OK,county,rural,40816,4.240931034,13.5
OK047,1,1,OK,county,rural,37313,2.636550426,6.5
OK050,1,1,OK,county,rural,13803,0.2464065701,7.5
OK051,1,1,OK,county,rural,69966,0.082135520879999993,32.5
OK053,1,1,OK,county,rural,3812,10.83093739,7.5
OK055,1,1,OK,county,urban,766215,6.496920109,265
OK056,1,1,OK,county,rural,39095,0.082135520879999993,23
OK058,1,1,OK,county,rural,32105,4.240931034,16.5
OK059,1,1,OK,county,rural,16401,1.793292284,7
OK060,1,1,OK,county,rural,80264,0.8788501024,54
OK061,NA,NA,NA,NA,NA,NA,NA,NA
OK062,NA,NA,NA,NA,NA,NA,NA,NA
OK063,1,1,OK,county,rural,71811,2.680356026,34
OK066,1,1,OK,county,rural,89815,0.9171800017,38
OK069,1,1,OK,county,rural,44493,0.2464065701,16
OK070,1,1,OK,county,rural,21853,10.83093739,17.8
OK071,0,1,OK,county,rural,7628,6.579055309,7
OK072,1,1,OK,county,urban,629598,5.412731171,318
OK073,1,1,OK,county,rural,75702,0.082135520879999993,17
OK076,1,1,OK,county,rural,9288,10.83093739,6
OK077,1,1,OK,county,rural,21529,10.83093739,12.75
OR001,1,1,OR,county,rural,16059,2.288843155,10
OR002,1,1,OR,county,urban,86316,7.159479618,109
OR003,1,1,OR,county,urban,394972,3.244353294,50
OR004,1,1,OR,county,rural,37474,2.579055548,15.08
OR005,1,1,OR,county,rural,49459,1.952087641,31
OR006,1,1,OR,county,rural,62475,1.741273046,23.5
OR007,1,1,OR,county,rural,20998,8.046543121,17.35
OR008,1,1,OR,county,rural,22335,1.831622124,19.7
OR009,1,1,OR,county,urban,170388,1.900068402,71.2
OR012,1,1,OR,county,rural,7180,4.246406555,12
OR013,NA,NA,NA,NA,NA,NA,NA,NA
OR014,1,1,OR,county,rural,22885,16.91717911,20.9
OR015,1,1,OR,county,rural,22192,6.828199863,14.5
OR016,1,1,OR,county,rural,83599,4.999315739,27.5
OR018,1,1,OR,county,rural,7838,0.2464065701,4.5
OR019,1,1,OR,county,urban,358337,1.177275896,NA
OR020,1,1,OR,county,rural,46406,3.830253363,NA
OR021,1,1,OR,county,rural,119356,12.59958935,NA
OR022,1,0,OR,county,urban,326110,12.57768631,75.15
OR023,1,0,OR,county,rural,11187,13.91649532,12.4
OR024,1,1,OR,county,urban,776712,1.782340884,1059.43
OR025,1,0,OR,county,rural,77916,2.329910994,18.35
OR026,NA,NA,NA,NA,NA,NA,NA,NA
OR027,1,1,OR,county,rural,76705,1.49760437,28
OR028,1,1,OR,county,rural,25691,7.635865688,NA
OR029,1,1,OR,county,rural,6820,10.68035603,2
OR030,NA,NA,NA,NA,NA,NA,NA,NA
OR031,1,0,OR,county,urban,562998,1.49760437,111.86
OR032,1,0,OR,county,rural,1375,18.24503708,2
OR033,1,1,OR,county,rural,101758,9.727583885,18.07
OR034,1,1,OR,county,rural,30359,0.4134154618,19.2
OR035,NA,NA,NA,NA,NA,NA,NA,NA
PA001,1,1,PA,county,urban,1231255,2.573579788,NA
PA002,0,1,PA,city,urban,119104,6.06707716,36.5
PA003,1,1,PA,city,urban,75135,3.244353294,19
PA004,NA,NA,NA,NA,NA,NA,NA,NA
PA005,1,1,PA,county,urban,512784,2.622861147,106
PA007,1,1,PA,county,urban,278443,1.99863112,71
PA012,1,1,PA,county,urban,816857,NA,113.5
PA013,1,1,PA,multi-county,urban,707502,0.09582477808,27
PA014,0,0,PA,city,urban,40814,0.2381930202,11.5
PA015,0,0,PA,multi-county,urban,635783,18.48870659,37
PA016,1,1,PA,county,urban,1560297,0.1204654351,NA
PA019,1,1,PA,multi-county,urban,1655335,9.831622124,42
PA021,0,0,PA,multi-county,urban,1464212,1.916495562,36
PA023,1,1,PA,city,urban,43865,7.244353294,14
PA063,1,0,PA,multi-county,urban,1363370,3.630390167,39.5
SC101,1,1,SC,multi-county,urban,1397508,1.081451058,320
SC102,1,1,SC,multi-county,urban,896814,3.080082178,324
SC103,1,1,SC,multi-county,urban,1118732,0.1971252561,NA
SC104,1,1,SC,multi-county,urban,1419428,5.787816525,316
SD006,1,1,SD,city,urban,168586,5.700205326,103
SD077,1,1,SD,multi-county,rural,73112,0.7282683253,25.2
SD078,1,1,SD,multi-county,rural,97529,0.6652977467,16.9
SD079,1,1,SD,multi-county,rural,89967,NA,NA
SD080,1,1,SD,multi-county,rural,53742,7.55646801,15.3
SD081,NA,NA,SD,multi-county,rural,94897,NA,NA
SD082,1,1,SD,multi-county,urban,286075,0.947296381,20
SD083,1,1,SD,multi-county,urban,122460,3.181382656,31.45
TN001,1,1,TN,county,rural,75528,11.98904896,35.5
TN002,1,1,TN,county,rural,46627,4.413415432,27
TN003,1,1,TN,county,rural,16145,8.665297508,6
TN004,1,1,TN,county,rural,13931,10.99794674,8
TN005,1,1,TN,county,urban,126339,0.9171800017,48
TN006,1,1,TN,county,urban,102975,31.24435234,62
TN007,1,1,TN,county,rural,39918,10.48323059,24.3
TN008,1,1,TN,county,urban,13757,2.830937624,5
TN009,1,1,TN,county,rural,28370,8.665297508,17
TN010,1,1,TN,county,urban,56886,13.36071205,33.8
TN011,NA,NA,NA,NA,NA,NA,NA,NA
TN012,1,1,TN,county,urban,39764,0.4982888401,13.8
TN013,1,1,TN,county,rural,17379,2.663928747,6.5
TN016,1,1,TN,county,rural,35374,9.160848618,15.8
TN018,1,1,TN,county,rural,14668,NA,12
TN019,1,1,TN,county,rural,57985,5.601642609,NA
TN020,1,1,TN,county,urban,668347,8.728268623,NA
TN022,1,1,TN,county,rural,19268,2.748802185,9.8
TN023,1,1,TN,county,rural,50575,0.8706365228,33.5
TN027,NA,NA,NA,NA,NA,NA,NA,NA
TN028,1,1,TN,county,urban,39011,NA,15
TN031,1,1,TN,county,rural,49472,6.412046432,19
TN032,1,1,TN,county,rural,28853,5.401779652,12
TN033,1,1,TN,county,rural,22864,3.748117685,13
TN034,1,1,TN,county,rural,68335,4.832306862,41.7
TN035,1,1,TN,county,rural,13425,10.99794674,8.3
TN036,1,1,TN,county,urban,63036,9.97399044,23
TN037,1,1,TN,county,rural,6657,12.09856224,6.2
TN038,1,1,TN,county,rural,25965,0.6598220468,17
TN039,1,1,TN,county,rural,25870,6.579055309,12
TN040,1,1,TN,county,rural,56735,12.09856224,38.4
TN041,1,1,TN,county,rural,18185,1.711156726,10.5
TN042,1,1,TN,county,rural,28009,0.6652977467,15.5
TN043,1,1,TN,county,rural,32204,8.665297508,15
TN045,1,1,TN,county,rural,8267,NA,3.8
TN046,1,1,TN,county,rural,18135,0.8706365228,10
TN047,1,1,TN,county,rural,11568,4.750171185,7
TN048,1,1,TN,county,urban,98178,1.412731051,100
TN049,1,1,TN,county,rural,52677,9.97399044,14
TN050,1,1,TN,county,rural,17859,13.36071205,8.5
TN051,1,1,TN,county,urban,448644,5.968514919,250
TN052,1,1,TN,county,rural,7631,9.749486923,3
TN053,1,1,TN,county,rural,27382,1.708418846,17.5
TN054,1,1,TN,county,rural,42274,1.916495562,25.5
TN055,1,1,TN,county,rural,11906,0.1724846065,7
TN056,1,1,TN,county,rural,33637,18.49691963,11.8
TN057,1,1,TN,county,urban,50771,22.58179283,15.5
TN058,1,1,TN,county,rural,23003,2.748802185,14.1
TN060,1,1,TN,county,urban,28407,10.99794674,12.1
TN061,1,1,TN,county,rural,31269,4.413415432,13
TN062,1,1,TN,county,rural,85515,0.5804243684,38
TN063,1,1,TN,county,rural,52626,10.99794674,25
TN064,1,1,TN,county,rural,26267,6.576317787,17
TN066,1,1,TN,county,urban,938803,0.2053388059,509
TN067,1,1,TN,county,rural,45233,22.36002731,15
TN068,1,1,TN,county,urban,189961,6.863791943,72.5
TN070,1,1,TN,county,rural,21660,8.832306862,10
TN071,1,1,TN,county,rural,30941,9.749486923,16.5
TN072,1,1,TN,county,rural,22028,NA,14
TN073,1,1,TN,county,rural,7822,0.1724846065,3
TN076,1,1,TN,county,rural,74165,8.750170708,56
TN078,1,1,TN,county,rural,52748,11.29089642,24
TN079,1,1,TN,county,urban,68079,11.997262,29.4
TN081,1,1,TN,county,urban,288906,6.412046432,86.2
TN084,1,1,TN,county,rural,95110,9.160848618,46
TN085,1,1,TN,county,rural,19009,1.664613247,11.6
TN086,1,1,TN,county,rural,13279,2.138261557,21.2
TN087,NA,NA,NA,NA,NA,NA,NA,NA
TN088,1,1,TN,county,urban,172706,6.236824036,46.5
TN089,1,1,TN,county,rural,61623,1.708418846,20.5
TN090,1,1,TN,county,urban,8002,4.068446159,3
TN092,1,1,TN,county,rural,17963,2.458590031,10
TN094,1,1,TN,county,rural,5633,NA,3.1
TN095,1,1,TN,county,rural,39969,2.830937624,27.5
TN096,1,1,TN,county,urban,126242,25.24572182,55.5
TN097,1,1,TN,county,rural,16913,1.916495562,7.5
TN098,1,1,TN,county,rural,34373,9.749486923,14.5
TN099,1,1,TN,county,rural,26301,2.830937624,16
TN100,1,1,TN,county,urban,205226,1.541409969,38
TN101,1,1,TN,county,rural,125376,4.068446159,32.1
TN103,NA,NA,NA,NA,NA,NA,NA,NA
TN108,NA,NA,NA,NA,NA,NA,NA,NA
TX001,1,1,TX,county,urban,135143,2.329910994,63
TX003,0,0,TX,county,rural,17477,22.82546234,11
TX004,NA,NA,NA,NA,NA,NA,NA,NA
TX007,1,1,TX,county,urban,1151145,0.9993155599,460
TX009,0,0,TX,city,urban,117585,4.216289997,96
TX010,0,0,TX,county,urban,329140,3.578371048,97.5
TX014,NA,NA,NA,NA,NA,NA,NA,NA
TX111,NA,NA,TX,county,urban,338124,5.563313007,49.5
TX112,1,0,TX,county,urban,209152,32.09034729,32.5
TX113,0,0,TX,county,rural,37653,0.8788501024,15
TX115,NA,NA,TX,county,urban,354478,1.01300478,199
TX120,1,NA,TX,county,rural,50902,4.082135677,20
TX122,0,0,TX,county,urban,612457,13.32785797,36
TX123,0,0,TX,county,rural,123694,10.66392899,11.75
TX125,NA,NA,NA,NA,NA,NA,NA,NA
TX131,1,0,TX,county,urban,747667,1.716632485,143
TX133,0,0,TX,county,urban,153904,12.49828911,20.25
TX134,1,1,TX,county,urban,833487,2.863791943,NA
TX135,0,0,TX,county,urban,645420,4.498288631,216
TX137,0,1,TX,county,urban,314198,0.1697467417,307
TX140,NA,NA,NA,NA,NA,NA,NA,NA
TX143,NA,NA,TX,county,urban,55621,7.895961761,7.5
TX144,1,1,TX,county,urban,2020286,NA,472
TX145,NA,NA,NA,NA,NA,NA,NA,NA
TX146,0,1,TX,city,urban,2239558,11.75633144,1240
TX151,1,1,TX,county,urban,80110,23.8302536,35
TX153,1,1,TX,county,urban,252309,14.74880219,230
TX155,0,0,TX,county,urban,293974,1.119781017,18
TX156,NA,NA,NA,NA,NA,NA,NA,NA
TX159,0,0,TX,county,rural,47894,3.244353294,4.75
TX160,0,0,TX,county,urban,155830,15.66324425,20
TX162,0,0,TX,county,rural,514598,NA,8.5
TX163,NA,NA,NA,NA,NA,NA,NA,NA
TX164,NA,NA,NA,NA,NA,NA,NA,NA
TX166,0,0,TX,county,rural,34720,10.33538628,7
TX167,0,0,TX,city,urban,278480,0.9856262803,21
TX168,0,1,TX,city,urban,54540,1.204654336,33
TX170,0,0,TX,county,urban,116608,7.244353294,7
TX171,0,1,TX,county,urban,1855866,0.689938426,482
TX172,NA,0,TX,county,rural,185025,3.244353294,10
TX175,NA,NA,NA,NA,NA,NA,NA,NA
TX177,0,0,TX,county,rural,15093,0.2464065701,9.2
TX179,1,1,TX,county,urban,218842,9.390828133,NA
TX181,0,0,TX,county,rural,27117,30.24503708,2
TX183,1,1,TX,county,urban,243441,4.128678799,NA
TX184,1,0,TX,county,urban,132355,9.49760437,NA
TX185,1,1,TX,county,urban,489250,0.9609856009,108
TX189,NA,NA,NA,NA,NA,NA,NA,NA
TX190,NA,NA,TX,county,urban,2283137,NA,NA
TX193,NA,NA,NA,NA,NA,NA,NA,NA
TX213,0,0,TX,county,rural,25520,15.8302536,2
TX224,0,0,TX,city,urban,153887,NA,NA
TX236,1,1,TX,county,urban,1945360,NA,361
TX240,NA,NA,NA,NA,NA,NA,NA,NA
TX242,NA,NA,NA,NA,NA,NA,NA,NA
TX247,NA,NA,NA,NA,NA,NA,NA,NA
UT001,1,1,UT,multi-county,urban,172154,11.70978737,98.5
UT002,NA,NA,NA,NA,NA,NA,NA,NA
UT003,1,1,UT,county,urban,560974,NA,208
UT004,1,1,UT,county,urban,329692,0.3613963127,114.89
UT005,NA,NA,NA,NA,NA,NA,NA,NA
UT006,1,1,UT,county,urban,1091742,10.74880219,353
UT007,NA,NA,NA,NA,NA,NA,NA,NA
UT008,1,1,UT,county,rural,39105,5.527720928,29
UT009,1,1,UT,county,rural,61598,1.229295015,NA
UT010,1,NA,UT,multi-county,rural,58364,1.522245049,27.25
UT011,1,1,UT,county,rural,27714,2.308008194,16
UT012,1,1,UT,multi-county,urban,251083,2.168377876,NA
UT013,1,1,UT,county,rural,15251,1.234770656,6.5
VA001,1,1,VA,multi-county,rural,45142,2.212183475,56.8
VA003,NA,NA,NA,NA,NA,NA,NA,NA
VA008,NA,NA,NA,NA,NA,NA,NA,NA
VA025,1,1,VA,city,urban,233371,29.08418846,93.5
VA026,NA,NA,NA,NA,NA,NA,NA,NA
VA031,1,1,VA,multi-county,rural,109889,2.997946501,70
VA036,1,1,VA,city-county,urban,1175622,13.06228638,579.75
VA045,1,1,VA,multi-county,urban,150898,3.258042336,46.1
VA052,1,1,VA,city,urban,136879,3.849418163,60.7
VA057,0,1,VA,county,urban,363050,14.95961666,80
VA065,NA,NA,NA,NA,NA,NA,NA,NA
VA069,1,0,VA,city,urban,245428,6.622860909,135
VA070,1,0,VA,multi-county,urban,230199,5.49760437,80
VA078,1,1,VA,city,urban,96004,4.082135677,63
VA082,1,1,VA,city-county,urban,503349,NA,NA
VA084,1,1,VA,multi-county,urban,352679,5.664613247,98
VA086,1,1,VA,city,urban,217853,9.412731171,112
VA100,1,1,VA,multi-county,rural,149398,6.083504677,142
VA104,NA,NA,NA,NA,NA,NA,NA,NA
VA110,1,1,VA,multi-county,urban,348629,3.849418163,117
VA114,1,1,VA,multi-county,rural,140811,0.6406570673,85
VA117,0,1,VA,county,urban,321924,6.329911232,78
VA127,1,1,VA,multi-county,rural,293467,0.7255304456,101
VA128,NA,NA,VA,multi-county,urban,257835,NA,NA
VA129,0,1,VA,multi-county,urban,155789,3.748117685,NA
VA130,1,1,VA,multi-county,rural,91301,24.44353104,58.8
VA131,1,1,VA,multi-county,rural,190942,1.916495562,95
VA133,1,1,VA,multi-county,rural,102939,5.749486446,47
VA134,1,0,VA,multi-county,urban,244403,1.221081495,88
VA135,1,1,VA,multi-county,rural,140414,1.867214203,52
VT001,1,1,VT,multi-city,rural,66108,5.459274292,13
VT002,1,1,VT,multi-city,rural,36445,3.520876169,13
VT003,1,1,VT,multi-city,rural,35732,2.557152748,NA
VT005,1,1,VT,multi-city,urban,160501,7.728952885,26
VT006,1,1,VT,multi-city,rural,36876,4.128678799,9.3
VT007,1,0,VT,multi-city,rural,31080,NA,NA
VT009,1,1,VT,multi-city,rural,60249,8.750170708,15
VT010,0,1,VT,multi-city,rural,33523,14.66392899,9
VT011,0,0,VT,multi-city,rural,55636,16.50376511,15
VT014,1,1,VT,multi-city,rural,47954,2.858316183,9.9
WA001,0,1,WA,county,rural,19179,3.663244247,8.75
WA002,0,1,WA,county,urban,22189,4.739219666,6.21
WA003,0,1,WA,multi-county,urban,274295,NA,87.05
WA004,0,0,WA,county,urban,254183,2.401095152,97.8
WA005,1,1,WA,multi-county,urban,114392,12.37782383,34.5
WA006,0,1,WA,county,rural,72715,10.1273098,30.03
WA007,1,1,WA,county,rural,3985,4.999315739,4.15
WA008,0,1,WA,county,urban,102133,9.05407238,28.5
WA009,0,0,WA,county,rural,2215,14.99794674,2.81
WA010,1,1,WA,county,rural,93147,0.4599589407,21.82
WA011,0,1,WA,county,rural,70818,8.413415909,31.5
WA012,NA,NA,NA,NA,NA,NA,NA,NA
WA013,1,1,WA,county,rural,30228,NA,NA
WA014,1,1,WA,county,rural,42522,3.088295698,17.1
WA015,0,1,WA,county,rural,75128,6.579055309,26.71
WA016,1,0,WA,county,rural,10250,21.787817,5.3
WA017,1,1,WA,county,rural,60711,NA,21.2
WA018,0,1,WA,multi-county,rural,64302,6.083504677,22.5
WA019,NA,NA,NA,NA,NA,NA,NA,NA
WA020,0,1,WA,county,rural,20561,4.580424309,17.32
WA021,0,NA,WA,county,rural,16015,1.916495562,25.3
WA022,1,1,WA,county,urban,2079967,1.637234807,1244
WA023,0,1,WA,county,urban,120365,2.245037556,33.24
WA024,1,1,WA,county,urban,759583,9.160848618,126.35
WA025,1,1,WA,county,urban,451008,2.46406579,NA
WA026,1,1,WA,county,urban,484318,6.833675385,217
WA027,1,1,WA,county,urban,831928,7.496235371,251.1
WA028,0,1,WA,county,urban,265851,0.1204654351,99.5
WA029,1,1,WA,county,rural,4067,3.53182745,5
WA030,1,1,WA,county,rural,59844,1.749486685,24.5
WA031,1,1,WA,county,urban,208351,15.43600273,76
WA032,0,1,WA,county,rural,46827,2.830937624,14
WA033,0,0,WA,county,urban,247687,3.838466883,NA
WA034,1,1,WA,county,rural,20861,14.16016388,15.5
WA038,NA,0,WA,county,rural,11340,8.498289108,14
WI001,1,1,WI,county,rural,20215,5.437371731,8.75
WI002,1,1,WI,city,urban,73971,16.24640656,14.5
WI003,1,1,WI,county,rural,16103,4.339493275,7
WI004,1,1,WI,county,rural,45455,1.330595493,17
WI005,1,1,WI,county,rural,14985,0.1806981564,8.52
WI007,NA,NA,NA,NA,NA,NA,NA,NA
WI008,0,0,WI,multi-city,urban,114889,9.292265892,20.5
WI009,0,0,WI,county,rural,13188,1.905544162,5.6
WI010,1,1,WI,county,rural,15328,8.566735268,4.8
WI011,1,1,WI,county,rural,49491,1.215605736,11.1
WI012,1,1,WI,county,urban,63460,2.110882998,34.5
WI013,1,1,WI,county,rural,34423,6.370978832,7.8
WI014,1,1,WI,county,rural,56615,5.749486446,8.5
WI015,1,1,WI,county,rural,16392,22.49691963,5.1
WI016,1,1,WI,city,urban,18341,1.483915091,4.5
WI018,1,1,WI,city,urban,24555,2.710472345,4.4
WI019,1,1,WI,county,rural,88574,2.959616661,NA
WI020,1,1,WI,county,rural,27766,24.59685135,10.53
WI021,0,1,WI,county,urban,43698,NA,7
WI022,0,1,WI,county,rural,44305,13.43463421,14.3
WI023,1,1,WI,county,urban,101564,3.329226494,54.06
WI024,1,1,WI,county,rural,4481,5.401779652,3.5
WI025,1,1,WI,county,urban,101759,3.189596176,35
WI026,1,1,WI,county,rural,9127,7.627652168,5
WI027,1,0,WI,city,urban,36278,23.32922745,6.75
WI029,1,1,WI,county,rural,51829,12.23545551,23.2
WI031,1,1,WI,county,rural,37063,7.827515602,NA
WI032,1,1,WI,county,rural,18836,22.54072571,6.65
WI033,1,1,WI,city,urban,14332,11.21971226,4.2
WI034,1,1,WI,city,urban,37157,8.763860703,6.7
WI035,0,0,WI,city,urban,7757,0.6652977467,2.4
WI036,1,1,WI,county,rural,23825,0.5256673694,4.2
WI037,NA,NA,WI,county,rural,5917,NA,NA
WI038,1,1,WI,county,rural,20652,NA,8.4
WI040,1,1,WI,county,rural,84395,25.62080765,22
WI041,1,1,WI,county,rural,26395,28.24640656,13.8
WI042,0,0,WI,county,urban,168068,5.445585251,56.46
WI043,1,1,WI,county,rural,20444,1.284052014,5
WI044,1,1,WI,county,urban,118011,0.5722107887,55
WI045,1,0,WI,county,rural,16853,NA,NA
WI046,1,1,WI,county,rural,28493,10.24503803,12.4
WI047,1,1,WI,county,urban,516284,3.811088324,128.2
WI049,0,1,WI,county,rural,80160,1.831622124,19.86
WI050,1,1,WI,county,urban,135780,6.488706589,39.525
WI051,1,0,WI,county,rural,41298,4.246406555,8.5
WI052,1,1,WI,county,rural,15050,0.6379192472,7.5
WI053,0,1,WI,city,urban,17604,1.560574889,9.04
WI057,0,1,WI,city,urban,599642,11.77549648,241.86
WI058,1,NA,WI,county,rural,45379,30.90485954,10.5
WI060,0,1,WI,city,urban,35053,9.650923729,6.3
WI061,0,1,WI,county,rural,37417,24.49828911,9.71
WI062,1,1,WI,county,rural,35563,4.109514236,21
WI064,1,1,WI,county,urban,182006,3.51540041,26.9
WI065,NA,NA,NA,NA,NA,NA,NA,NA
WI066,0,0,WI,county,rural,7335,10.25598907,3.95
WI067,1,1,WI,county,rural,40958,6.767967224,22.38
WI068,1,1,WI,county,urban,43437,18.0369606,NA
WI069,1,1,WI,county,rural,70482,9.681040764,24
WI070,1,1,WI,county,rural,13675,2.086242199,12.7
WI072,0,1,WI,multi-city,rural,17662,NA,4.2
WI073,1,1,WI,county,urban,161188,0.9664613008,35.2
WI074,1,1,WI,county,rural,14333,NA,6.5
WI075,1,1,WI,county,rural,63379,7.43874073,24.39
WI076,0,0,WI,county,rural,16437,5.612594128,6.5
WI078,1,1,WI,county,urban,115290,1.963039041,26.8
WI080,0,1,WI,county,urban,21236,17.793293,6.3
WI081,1,1,WI,city,urban,9547,28.82683182,2.02
WI082,1,1,WI,city,rural,86759,10.16016388,14.9
WI084,0,0,WI,county,rural,20540,16.24366951,6.71
WI085,1,1,WI,county,rural,29509,5.374401093,8
WI086,1,1,WI,county,rural,30362,48.83230591,8.39
WI087,1,1,WI,county,rural,21398,18.71047211,5
WI089,0,1,WI,county,rural,15694,3.159479856,7
WI090,NA,NA,NA,NA,NA,NA,NA,NA
WI091,1,1,WI,county,rural,23891,13.62628365,8.75
WI092,0,1,WI,county,urban,395118,2.787132025,56.23
WI093,0,1,WI,city,rural,52066,4.068446159,14
WI094,1,0,WI,county,rural,24178,12.94455814,14.15
WI095,1,1,WI,county,urban,47102,20.24366951,13.8
WI096,1,1,WI,county,urban,60624,3.548254728,40.4
WI100,1,1,WI,city,rural,73608,10.98699474,24.8
WI101,1,0,WI,city,rural,19410,4.240931034,4.5
WI106,NA,NA,NA,NA,NA,NA,NA,NA
WI113,0,1,WI,county,rural,46101,2.499657869,9.3
WI114,1,1,WI,county,urban,65209,1.152635217,7.2
WI115,1,1,WI,multi-city,urban,169511,12.09856224,40.9
WI117,1,1,WI,multi-county,rural,220721,5.735797405,26
WV001,1,0,WV,county,rural,16766,2.288843155,17.6
WV002,NA,NA,NA,NA,NA,NA,NA,NA
WV003,0,0,WV,county,rural,23714,25.57974052,5.6
WV004,1,0,WV,county,rural,14463,1.456536651,NA
WV005,1,1,WV,county,urban,23530,0.4982888401,8
WV006,1,0,WV,county,urban,97109,0.9171800017,35
WV007,NA,NA,NA,NA,NA,NA,NA,NA
WV008,NA,NA,NA,NA,NA,NA,NA,NA
WV009,1,0,WV,county,rural,45132,30.82272339,7.22
WV010,0,0,WV,county,rural,8618,9.790554047,3.5
WV011,1,1,WV,county,rural,11687,0.8323066235,8.4
WV012,1,1,WV,county,rural,35450,4.722792625,11.2
WV013,1,1,WV,county,urban,23483,1.045858979,6.2
WV014,NA,NA,NA,NA,NA,NA,NA,NA
WV015,1,1,WV,county,rural,13923,7.159479618,7
WV016,1,0,WV,county,rural,68761,11.84668064,16
WV017,1,1,WV,county,rural,29126,19.66324425,7
WV019,1,1,WV,county,urban,190223,0.6598220468,47
WV021,1,0,WV,county,rural,35348,5.160848618,7.9
WV022,1,0,WV,county,rural,56803,13.16084862,10
WV023,NA,NA,NA,NA,NA,NA,NA,NA
WV024,1,0,WV,county,rural,27016,15.991786,5
WV027,1,1,WV,multi-county,urban,131904,1.664613247,75
WV028,1,0,WV,county,rural,27578,10.27789211,8.46
WV030,0,1,WV,county,urban,103463,1.253935695,60
WV031,1,0,WV,county,rural,13582,1.831622124,3.5
WV033,0,0,WV,county,rural,25827,6.579055309,5.6
WV034,NA,NA,NA,NA,NA,NA,NA,NA
WV035,1,NA,WV,county,rural,8662,1.412731051,4.4
WV036,1,1,WV,county,rural,33788,11.96440792,7
WV038,1,0,WV,county,urban,110497,12.66529751,16.5
WV039,1,1,WV,county,rural,29429,4.082135677,23.9
WV040,NA,NA,NA,NA,NA,NA,NA,NA
WV041,0,0,WV,county,rural,17069,2.49691987,15.3
WV044,1,0,WV,county,urban,41122,1.49760437,7
WV045,NA,NA,NA,NA,NA,NA,NA,NA
WV046,1,NA,WV,multi-county,rural,25086,3.244353294,3.3
WV047,1,1,WV,county,urban,43328,8.665297508,25.7
WV050,1,1,WV,county,rural,21561,0.9418206811,5
WY001,1,1,WY,county,rural,11930,0.05201916397,4.5
WY002,1,0,WY,county,rural,48320,NA,22.5
WY003,1,1,WY,county,rural,15854,0.2464065701,11.5
WY004,1,0,WY,county,urban,81624,2.250513315,34
WY005,1,1,WY,county,urban,96389,14.41204643,44
WY006,1,1,WY,county,rural,14097,0.082135520879999993,7
WY007,1,1,WY,county,rural,7248,3.570157528,4
WY008,0,1,WY,county,rural,40703,6.113620758,NA
WY010,1,1,WY,county,rural,4816,3.258042336,4
WY011,NA,NA,NA,NA,NA,NA,NA,NA
WY015,1,0,WY,county,rural,28989,4.900753021,7
WY017,1,0,WY,county,rural,30032,0.4681724906,8
WY019,1,0,WY,county,rural,45010,2.663928747,18.5
WY020,0,0,WY,county,rural,22930,2.570841789,18
WY021,NA,NA,NA,NA,NA,NA,NA,NA
WY022,0,0,WY,county,rural,8322,NA,5
WY023,NA,NA,NA,NA,NA,NA,NA,NA
WY049,1,0,WY,county,rural,37811,0.2381930202,7
